dish_id,pred_calories,pred_mass,pred_fat,pred_carb,pred_protein,true_calories,true_mass,true_fat,true_carb,true_protein
dish_1565035746,49.189236,166.2033,0.5881368,9.606445,2.6354022,43.1,149.0,0.369,9.01,2.409
dish_1558639818,25.860247,77.37902,0.19979997,5.825682,0.5872147,20.06,59.0,0.118,4.72,0.472
dish_1558549605,79.14401,62.60566,0.010786013,16.971361,1.4852694,97.5,75.0,0.225,21.0,2.025
dish_1561663580,299.22552,218.39897,15.57655,19.562143,28.225655,432.06342,307.0,9.844143,31.344984,51.43228
dish_1565898402,372.91537,231.1658,22.1335,11.261894,32.132423,384.79922,229.0,19.544107,9.462811,39.424374
dish_1566328724,265.90457,167.29013,9.757509,0.10176809,41.607285,275.55,167.0,6.012,0.0,51.77
dish_1566838351,161.68881,363.14645,0.914425,39.619488,2.0881565,190.01,417.0,0.822,48.034,2.49
dish_1567107839,206.30139,145.74333,13.656994,6.63064,22.379526,174.28448,156.0,16.46933,11.980703,18.763048
dish_1558639787,25.706232,101.81644,0.32005253,4.4153705,1.9698502,24.75,99.0,0.297,4.95,1.782
dish_1562788601,424.11743,331.71857,21.681355,37.031578,31.06256,413.17014,287.0,19.139153,48.7664,23.146877
dish_1560456326,184.36612,116.42087,8.623795,9.866841,17.042866,206.87276,138.0,7.522188,3.791613,29.742077
dish_1564427430,306.2549,191.61186,18.42643,4.5988507,30.88703,345.62003,170.0,23.86,2.34,30.79
dish_1565896662,52.709545,56.831043,4.10399,3.8673794,0.60497326,19.380001,57.0,0.2565,3.6195,1.4535
dish_1566414342,613.2907,465.56497,28.090378,40.993607,56.888226,846.36707,552.0,31.578682,53.343304,83.57795
dish_1562617703,121.73276,88.16525,5.2594013,13.011091,5.0640216,179.63,110.0,6.49,26.95,4.51
dish_1565020926,378.3128,494.18405,11.378381,46.69383,24.397963,398.49612,489.0,10.379284,56.51596,21.472317
dish_1564689168,334.25327,352.3658,23.26979,22.07603,19.337297,352.947,339.0,27.541552,17.726831,15.081212
dish_1560456348,188.97678,130.02963,8.702566,10.875627,17.470585,210.28276,149.0,7.533189,4.561613,29.940079
dish_1558641287,14.224194,80.66097,0.12106026,3.0749438,0.5636835,11.52,64.0,0.128,2.496,0.576
dish_1558373008,242.17654,68.859695,19.19535,3.273218,13.346962,251.55801,73.0,19.929,3.066,14.089001
dish_1561577947,532.37634,366.2388,25.095934,18.518768,52.964905,623.2043,424.0,33.782948,12.882619,67.20264
dish_1558639440,66.33452,125.70079,0.24153148,17.372774,0.38866156,60.32,116.0,0.232,16.24,0.348
dish_1565894889,183.21658,80.697876,6.4843125,23.966417,7.210647,257.813,74.0,11.167999,33.295,6.641
dish_1561147944,48.14975,51.350346,3.9607368,3.2622576,0.78113484,42.371025,34.0,3.643008,2.258935,0.820393
dish_1557937079,126.049644,23.707802,9.454546,0.21307711,9.31327,146.06999,27.0,11.339999,0.378,9.99
dish_1558641320,201.08438,362.84036,2.8625946,47.5374,3.9223065,211.59,336.0,3.092,49.055996,4.52
dish_1567007848,118.61162,252.32451,1.0279995,27.751642,1.7444426,100.3,243.0,0.58,24.836,1.655
dish_1565810969,12.637912,63.39343,0.20018129,2.1258962,1.9931321,4.6,20.0,0.08,0.72,0.58
dish_1562168800,219.9762,265.0563,8.312067,34.459766,3.8043222,237.52483,242.0,9.342677,36.3149,3.826
dish_1564687046,437.21072,313.0967,28.926874,14.961295,39.23604,374.79385,308.0,29.070162,20.45834,33.685577
dish_1563221054,295.14572,198.96031,19.277096,8.769061,23.862944,298.8776,170.0,17.89109,6.509885,26.901321
dish_1565898361,352.301,190.63316,21.699753,8.997713,30.030378,370.67145,202.0,18.842781,7.620061,38.950523
dish_1560367926,465.10092,194.82646,20.201508,45.17123,29.044798,408.52313,194.0,20.965912,44.984913,24.155903
dish_1560444869,13.899235,40.43821,0.09752739,3.2874265,0.22365572,14.040001,39.0,0.039,3.51,0.195
dish_1559850283,263.5036,46.89243,22.52615,10.815196,10.268871,271.707,47.0,23.265,10.669,10.528
dish_1566502505,390.77368,284.35464,18.87425,35.3517,26.748323,454.51736,275.0,22.45969,33.1468,31.874937
dish_1565811091,442.7704,429.3231,23.295816,22.124216,37.934483,504.40002,371.0,17.632,9.06,74.731
dish_1561739265,301.77634,372.06647,8.625387,42.618305,14.320292,292.04,308.0,9.989,41.127003,10.689
dish_1558373159,805.6864,285.61353,61.813366,38.334965,35.590622,1013.33704,334.0,79.118,30.505001,60.625
dish_1565035830,313.59018,395.81473,8.931183,14.141993,44.233948,340.128,414.0,6.475,14.785001,54.718
dish_1562788568,288.2175,258.87808,11.512767,34.25097,17.439747,289.20337,230.0,11.735167,46.917168,11.430407
dish_1558376483,833.2772,295.74994,63.693806,33.524277,38.45961,735.03,270.0,55.444,32.24,33.301003
dish_1561739160,43.63241,68.33623,0.44586033,9.8088255,0.5738698,34.77,61.0,0.183,8.54,0.427
dish_1558549773,4.256809,8.878497,0.12926626,0.25472194,0.2028477,2.3,10.0,0.04,0.36,0.29
dish_1561574394,70.000374,104.25418,5.0819225,4.3130164,2.9926472,61.502373,82.0,4.80367,3.438416,2.367952
dish_1558461760,11.875048,60.996906,0.2103673,2.0965493,0.4991147,10.98,61.0,0.122,2.379,0.549
dish_1563909469,43.439583,48.30891,4.04922,2.0694854,1.0191524,72.402824,64.0,6.906353,2.248366,1.364915
dish_1558376938,58.279472,77.48193,0.250233,14.174096,0.46162057,51.06,74.0,0.148,13.320001,0.518
dish_1565986733,308.11374,244.40816,32.779263,9.523679,35.030876,387.92938,287.0,35.692814,9.92611,42.974815
dish_1558639555,186.61418,353.58054,1.8678591,44.282696,3.403806,156.04901,320.0,1.278,38.18,2.725
dish_1558546558,257.77707,43.905663,21.922924,10.213587,10.169288,254.36401,44.0,21.78,9.988,9.856
dish_1563984242,406.64166,726.8315,5.1179338,37.01572,45.92034,402.11703,753.0,3.30239,36.81961,49.40776
dish_1559849097,351.0543,304.18927,15.462603,51.85638,7.5916686,495.928,325.0,29.044003,55.626003,14.261001
dish_1563566965,311.86148,294.18253,21.419708,22.463709,13.542976,370.82703,286.0,12.088502,56.243797,13.121026
dish_1566849895,86.36905,141.69392,4.2100377,11.273873,1.8019159,112.31,153.0,7.341,12.821001,1.31
dish_1559157919,37.420994,49.95486,2.4078877,3.223741,1.4536655,37.094574,39.0,3.328461,1.523364,0.990958
dish_1558113477,292.84958,51.798763,24.9558,11.430102,11.526893,289.05002,50.0,24.75,11.35,11.200001
dish_1559238993,52.35483,109.97287,0.18074653,12.877982,0.6852869,61.559998,108.0,0.324,15.12,0.756
dish_1562788506,89.706566,97.30229,2.1104457,18.706148,2.4272141,114.588,108.0,2.592,23.76,3.348
dish_1562774129,83.49063,121.633316,5.1228213,9.711814,1.5856525,73.08355,77.0,2.898097,11.336127,1.539
dish_1559578551,105.4756,20.349827,8.088657,0.25967127,7.6677194,124.42999,23.0,9.66,0.322,8.51
dish_1562788536,207.06738,207.7849,7.324309,32.053635,7.650363,245.132,190.0,6.61,44.752,5.398
dish_1559233756,178.03265,180.95924,6.7211165,22.563562,7.738486,189.85,222.0,5.242,30.418,6.142
dish_1564428181,449.57266,263.39145,25.640907,11.7912655,39.03361,510.0507,320.0,32.323368,20.955044,34.30546
dish_1565118729,428.1097,215.51158,24.324543,10.091888,38.11705,435.4933,248.0,24.26512,9.017551,41.90299
dish_1568305225,442.1487,201.58745,32.78924,8.84154,26.966022,428.6678,144.0,35.136887,4.897249,24.472982
dish_1566414291,335.27353,269.55063,18.795265,33.156765,14.73493,345.14212,244.0,14.794408,46.021748,7.035223
dish_1561661347,72.353714,153.50575,3.0055583,10.061576,4.2875896,50.67,132.0,1.632,7.215,3.426
dish_1566501575,549.08295,424.70105,19.045088,17.76333,71.58862,251.69398,54.0,15.551999,26.892,3.348
dish_1563218408,247.68054,96.16701,11.201706,26.971169,11.065982,245.34,87.0,10.44,27.84,10.44
dish_1561661377,260.07553,280.73257,14.980201,14.542676,24.964409,306.33368,294.0,8.972795,11.854835,43.735157
dish_1558639876,82.0165,252.87276,0.51543903,17.499027,3.2668333,68.18,215.0,0.529,15.370001,2.767
dish_1566849862,78.616714,61.02798,7.247523,3.4986708,0.4402384,77.049995,67.0,7.169,4.221,0.536
dish_1566502573,628.0108,499.6213,29.240839,56.212933,46.46023,821.5102,487.0,43.20623,60.718185,51.18927
dish_1562009810,123.05873,101.41269,2.7080383,20.782427,2.979793,119.880005,108.0,0.972,24.84,2.808
dish_1564675411,272.257,319.9832,8.989347,5.4827046,36.982624,235.531,308.0,7.033,2.708,35.193
dish_1560203424,437.894,141.8368,23.420565,36.711647,20.617044,451.754,138.0,22.272,50.211998,14.587999
dish_1562790824,544.80774,358.2811,41.621967,16.52889,48.494785,437.0717,368.0,49.829514,19.273878,49.85992
dish_1558030289,38.071117,111.45775,0.025326647,9.744131,0.6799534,38.52,107.0,0.107,9.63,0.535
dish_1560444985,182.38567,286.87283,7.9241652,23.329546,7.0216417,198.93787,264.0,10.095443,24.075623,5.127491
dish_1563984140,194.798,384.66006,1.0498927,2.234735,36.932755,245.43999,472.0,0.944,3.304,47.2
dish_1561662160,104.7583,93.086426,7.040614,7.1832657,5.0392737,41.83832,36.0,3.37508,2.752816,0.63016
dish_1558641164,76.02162,145.4546,0.32865667,19.871351,0.3804248,80.079994,154.0,0.308,21.56,0.462
dish_1558110335,48.84179,11.709352,3.528549,1.3272889,2.9051223,37.87,7.0,2.94,0.098,2.59
dish_1565811061,251.60065,312.0734,13.695604,15.018546,20.131617,380.32,324.0,7.762,9.06,65.801
dish_1559844490,100.59866,182.5646,0.5594374,24.896284,1.2715443,108.36,180.0,0.459,27.45,1.359
dish_1562786103,179.09042,118.41224,8.693341,13.644931,10.681832,93.081,57.0,3.363,13.965,2.337
dish_1563897087,136.5979,211.50966,5.1355143,17.343287,7.376243,102.44,231.0,0.67,8.169001,15.196
dish_1566590007,823.08276,479.32703,38.74645,44.000713,73.75768,740.762,457.0,29.2331,57.950996,61.79825
dish_1560975517,41.26293,110.591095,1.5654821,5.275906,3.3533907,42.39,99.0,1.858,4.608,3.064
dish_1557936645,13.345501,32.15755,0.35856375,2.89482,0.2509603,11.88,36.0,0.108,2.88,0.252
dish_1565020796,156.84848,141.92738,7.2961187,1.5839497,19.368246,90.6,99.0,3.542,0.749,12.06
dish_1559578579,148.5418,78.89391,9.603618,5.2863097,9.944225,142.57999,78.0,9.825,4.722,8.895
dish_1557862783,410.29556,274.16888,20.98049,7.958158,44.070927,442.97998,258.0,24.919,3.85,50.416
dish_1560975601,284.28616,302.9216,14.096668,15.388669,28.69615,233.93564,253.0,8.421075,17.945927,22.794699
dish_1560367952,202.99147,188.0602,12.595402,16.740976,10.522763,414.73315,221.0,21.073912,45.956913,24.938904
dish_1563565454,271.90027,267.83926,14.741917,22.627016,17.748234,350.78882,322.0,22.686897,26.577688,22.234623
dish_1562703408,345.1269,212.79268,15.873816,28.621492,21.536463,311.20917,196.0,12.049189,32.83361,17.407734
dish_1564689138,241.57123,233.10939,17.181736,18.60164,7.4970756,268.267,223.0,21.973553,15.522832,5.801213
dish_1563221086,338.39935,259.1448,20.270721,14.145726,26.363043,328.27762,254.0,18.22709,12.389885,28.917324
dish_1567007814,81.75194,163.82614,0.60983443,19.577578,1.0444179,73.0,152.0,0.398,17.92,1.109
dish_1565896701,311.83847,179.17766,19.861156,9.048922,23.522692,294.47345,184.0,18.184381,8.322058,25.74716
dish_1557937615,8.18504,17.16202,0.2653358,1.4350824,0.20635864,6.93,21.0,0.063,1.68,0.147
dish_1564427455,302.53964,261.12195,19.281578,10.693455,25.296587,354.26004,218.0,23.956001,4.212,31.222
dish_1564588859,225.11638,258.35248,7.745315,12.526568,24.400288,183.58643,257.0,4.754447,9.571161,23.436096
dish_1561577848,314.6246,214.6817,12.077444,6.1068325,43.70002,413.34787,254.0,13.841578,6.037907,63.12289
dish_1563389600,330.83307,261.34744,20.386444,7.4669,32.53321,451.428,264.0,29.046,2.924,44.474
dish_1566316726,331.1811,563.06067,3.446533,22.267979,44.35591,409.5229,685.0,4.10161,25.36539,57.490242
dish_1562776465,139.66782,176.93202,3.7118616,23.33947,3.7337308,173.43245,212.0,4.405418,31.491592,3.634132
dish_1568401261,406.07187,405.5519,11.193474,22.947203,52.202133,530.3934,443.0,26.350721,34.582966,39.13196
dish_1559841950,12.500307,38.578896,-0.009278371,2.324453,0.9922025,11.2,32.0,0.128,2.24,0.768
dish_1558375667,507.3298,96.7876,43.51963,19.77854,20.229351,687.939,119.0,58.905,27.013,26.656
dish_1558639482,51.92036,45.331768,1.1434414,10.349662,1.4040223,30.769,29.0,0.696,6.38,0.899
dish_1566328805,816.76965,484.11667,29.471851,69.63848,67.65142,927.81,488.0,28.737,85.054,77.984
dish_1558114145,57.985275,81.81326,0.1479807,15.051209,0.6316156,57.27,83.0,0.166,14.940001,0.581
dish_1562700593,444.82217,398.88922,27.445833,21.154749,36.023186,385.77393,384.0,29.806803,18.611984,37.046314
dish_1557937574,8.1838875,8.442924,0.24919175,1.4064572,0.25483787,5.59,13.0,0.065,1.196,0.182
dish_1561661324,34.976353,86.14137,1.4680765,4.2144084,3.0532317,33.0,75.0,1.575,3.225,2.4
dish_1564588820,69.64905,146.0227,0.49031174,2.9648101,11.406641,81.119995,156.0,0.312,1.092,15.6
dish_1566414225,136.61325,124.248055,9.37747,7.709778,13.474131,125.18213,88.0,4.186408,17.941746,3.759223
dish_1568305257,706.9049,391.235,53.35585,9.946011,45.047493,837.14777,420.0,65.49689,9.31325,52.072983
dish_1564773826,20.082352,58.690777,0.516199,4.492348,0.5068199,10.08,56.0,0.112,2.184,0.504
dish_1562700496,33.395256,129.58461,0.40556085,6.9581194,1.930649,31.0,124.0,0.372,6.2,2.232
dish_1566850099,104.356,103.47511,8.496134,5.7374973,2.0170631,113.05797,112.0,10.687347,4.140735,1.525551
dish_1560975628,398.4503,332.61642,18.179008,30.655922,31.683733,348.27264,296.0,12.463076,32.350925,27.610699
dish_1558461431,2.280677,7.8260016,0.06597318,0.4034388,0.15846424,1.15,5.0,0.02,0.18,0.145
dish_1558635618,239.45648,372.18777,2.2416682,54.133232,6.4325147,220.254,334.0,2.439,49.7,5.606
dish_1561148021,326.50006,232.2476,16.778975,24.131863,22.064363,361.7654,216.0,19.948797,23.61156,22.204132
dish_1566328745,271.05435,214.27419,8.339385,0.81574005,45.6306,282.03,203.0,6.084,1.404,52.094
dish_1558373074,67.46482,131.75175,0.27476972,16.327097,0.92907214,73.84,142.0,0.284,0.426,19.88
dish_1561662869,250.23854,172.20125,9.703193,9.643928,31.946611,284.34552,192.0,9.242703,10.282766,38.791027
dish_1558544663,104.39917,138.40974,2.5772629,16.095669,4.991065,141.44,208.0,2.912,24.96,4.992
dish_1564588919,355.83344,450.08475,8.738137,41.81684,26.421282,335.94418,452.0,7.606813,41.001797,25.09324
dish_1563909580,458.1675,326.2087,16.901655,60.494785,17.82147,544.3115,361.0,20.122177,74.14412,18.481764
dish_1565894858,46.24559,23.7807,1.8515399,6.4920993,1.1304293,132.84,27.0,6.75,17.55,1.377
dish_1564689078,44.626083,38.059822,3.6533487,2.4252555,0.40677354,72.36078,55.0,6.584693,2.958964,1.450291
dish_1566414412,670.3756,497.63083,35.188107,38.13811,53.87295,920.1204,658.0,37.812386,57.062336,85.33485
dish_1566502537,477.77936,340.98364,21.761318,36.359158,39.12983,517.6442,315.0,24.27223,34.292435,41.827816
dish_1558718587,10.211754,49.059612,0.042993546,2.2565491,0.7746806,10.25,41.0,0.123,2.05,0.738
dish_1563551164,275.52414,264.2756,7.3036485,34.552067,16.08624,339.75607,270.0,8.327854,46.75715,17.75674
dish_1558720236,769.406,376.6208,57.06295,51.438404,28.88054,887.82306,407.0,66.44,60.461,31.913002
dish_1562776497,290.278,267.62045,15.842433,21.64512,14.374652,291.83246,292.0,13.205418,32.77159,11.634132
dish_1563565289,91.13401,95.457985,2.7016444,17.288555,3.3386607,93.368,88.0,2.112,19.36,2.728
dish_1559849412,323.50906,60.666904,28.05394,13.027198,12.5292225,352.64102,61.0,30.195,13.847,13.664001
dish_1559934477,24.454498,53.101845,1.0337508,2.7849429,1.4953401,25.08,57.0,1.197,2.451,1.824
dish_1557936599,22.47992,54.2665,0.58720565,3.6573713,1.308805,22.05,63.0,0.252,4.41,1.512
dish_1563565354,285.8295,206.61409,15.590416,18.254562,25.57672,272.3152,193.0,15.777068,23.045525,20.039701
dish_1561405411,289.6434,235.27422,15.068503,28.522966,18.129395,332.06348,282.0,8.511059,25.67544,37.227947
dish_1566502472,135.76883,142.2051,7.1539025,18.730373,3.5928738,132.91904,119.0,7.735376,15.924625,3.416664
dish_1566838317,106.81286,275.66696,0.56512195,26.109665,1.3430479,114.2,284.0,0.423,29.413998,1.559
dish_1565123881,368.14236,365.31003,17.398771,30.094936,25.25056,406.82175,515.0,19.355543,31.0019,30.063168
dish_1563551134,253.89377,175.10716,5.844298,31.06665,16.836552,246.91998,173.0,5.962,29.723001,16.8104
dish_1558718906,417.33878,285.5398,26.164549,41.675907,14.527302,282.58002,247.0,14.228001,36.891,9.815001
dish_1562963289,302.34677,156.42215,11.583797,36.58163,13.355188,349.91797,180.0,12.685999,43.364002,15.52
dish_1562790775,75.94128,76.251045,6.803347,3.0576665,1.6233232,75.686295,40.0,7.803151,1.519515,0.394182
dish_1560801041,380.89682,318.7553,16.842815,25.52994,31.91092,432.24426,292.0,10.663426,63.24589,25.670122
dish_1565123816,233.15205,105.76553,10.959574,15.833929,17.330952,250.91673,110.0,12.352043,13.950899,19.241669
dish_1558031351,15.688015,49.617405,0.13462459,3.6540158,0.3497019,12.3,41.0,0.041,3.116,0.246
dish_1559841979,36.727985,84.350494,0.23101981,8.291244,1.380281,39.289997,85.0,0.287,9.13,1.192
dish_1560203400,317.39816,99.73914,16.008278,31.83431,12.657493,293.28,104.0,12.48,33.28,12.48
dish_1563294987,112.27223,25.241068,8.801671,1.0922393,7.916885,97.38,18.0,7.56,0.252,6.66
dish_1563208412,60.771984,39.32352,3.9752178,1.2784808,4.7891574,62.4,39.0,3.9,1.17,5.46
dish_1557862696,23.379566,76.83852,0.51225203,4.2547965,1.8467002,19.25,77.0,0.231,3.85,1.386
dish_1561739212,177.56677,262.36877,1.7971213,28.061632,11.618755,134.01001,214.0,0.325,23.797,8.347
dish_1564675380,99.984726,19.36252,7.509011,0.84598243,6.620048,87.331,23.0,6.463,0.713,6.693
dish_1564773903,234.07895,319.32578,13.402084,24.74061,15.77256,316.82755,336.0,16.086779,25.091196,19.580328
dish_1558376768,73.38718,138.45448,0.3550953,17.72919,0.9749969,74.36,143.0,0.286,0.429,20.02
dish_1563897047,189.06445,158.31628,9.646488,12.285367,14.619772,66.04,127.0,0.254,0.889,12.7
dish_1562172561,162.77109,299.60794,0.88381815,1.1392773,31.350855,150.79999,290.0,0.58,2.03,29.0
dish_1563551194,402.60672,356.8807,12.722673,40.584454,29.181555,471.64355,400.0,14.045855,57.67092,27.842804
dish_1558113430,28.06275,41.892536,1.3664072,2.7056186,0.7873795,7.84,28.0,0.112,1.484,0.616
dish_1565035774,70.84967,213.8994,1.5160279,11.467376,4.4988875,57.5,185.0,0.441,12.25,3.129
dish_1563551105,179.88924,67.41025,6.0905795,24.434675,7.0051126,194.4,72.0,5.76,29.016,6.7104
dish_1566850142,442.23215,319.52097,23.148708,15.279959,41.766518,464.95117,284.0,31.75317,9.052546,35.226067
dish_1561574368,16.429543,47.176952,0.5018712,1.8709998,1.5727532,22.0,50.0,1.05,2.15,1.6
dish_1562085672,273.3104,100.15915,9.632442,37.56585,8.997593,122.084,46.0,1.932,19.458,6.21
dish_1560526472,118.47368,137.23671,7.122202,12.962108,2.2617462,113.672775,114.0,8.28813,9.571251,2.058025
dish_1566328776,805.1206,420.22577,30.605793,66.7752,65.911766,901.81006,436.0,28.685,78.294,77.724
dish_1566501594,553.0886,429.3961,21.321686,20.0449,65.59356,508.04898,109.0,31.391998,54.281998,6.758
dish_1560368019,571.83246,385.43744,26.912876,53.320057,34.61998,436.96594,301.0,21.659855,49.96254,26.125687
dish_1561393764,275.4633,159.21283,19.30708,7.2743955,18.178679,280.8,182.0,20.096,5.524,19.066
dish_1558641200,7.2599306,15.265235,0.08017572,1.4421623,0.051534418,3.28,8.0,0.016,0.8,0.072
dish_1558639412,27.11805,85.32446,0.10553246,6.1939054,0.6388856,32.98,97.0,0.194,7.76,0.776
dish_1565123783,99.82193,37.599834,3.484486,12.377844,4.333676,93.064995,35.0,3.29,11.725,3.92
dish_1559157777,5.090952,14.11587,0.2492562,0.37616056,0.44138473,2.53,11.0,0.044,0.396,0.319
dish_1567785739,151.11546,189.66072,6.05137,23.075806,2.4750102,168.57646,177.0,9.348528,21.464273,1.382379
dish_1564588889,267.29364,366.83243,6.1114774,26.186357,25.189264,234.49443,346.0,5.021447,22.387161,24.059095
dish_1561667207,258.0529,117.45961,12.4701185,13.204191,20.507757,249.44484,121.0,11.420783,13.358226,22.073404
dish_1559850314,250.94292,87.76488,19.834751,14.538896,9.36558,296.617,100.0,23.317999,17.029,11.005
dish_1559233445,18.337791,38.51687,0.08552898,4.304356,0.10774821,24.5,49.0,0.049,6.37,0.245
dish_1558030182,68.58693,85.04039,0.5270984,14.128932,1.3103752,67.759995,88.0,0.088,14.96,1.76
dish_1567007719,19.07365,44.514576,0.56013674,3.5835662,0.30524087,14.28,42.0,0.084,3.36,0.336
dish_1567785709,105.56971,150.60223,5.1450915,14.729437,1.484381,131.25063,138.0,8.397309,14.615491,1.001891
dish_1558546434,5.1827874,16.6588,0.033185046,0.6614454,0.38518426,2.53,11.0,0.044,0.396,0.319
dish_1560801773,17.265898,57.989357,0.15102698,3.4766166,1.003186,13.5,54.0,0.162,2.7,0.972
dish_1561662926,279.9019,204.63707,10.096666,11.4203005,36.32817,288.33554,213.0,9.284704,11.059766,39.169025
dish_1565035858,359.3304,522.73267,10.166888,26.188566,43.573734,375.228,531.0,6.709,23.677,55.42
dish_1565030391,336.5127,276.86777,24.495998,13.840169,23.141165,609.3339,313.0,37.047943,12.058959,52.59754
dish_1562774099,59.030888,71.91039,5.410786,2.5387354,1.3668431,51.99354,40.0,2.787097,6.156128,1.28
dish_1560801020,280.72177,290.9775,11.621559,23.66267,21.523642,346.33997,250.0,5.898491,61.690983,17.095364
dish_1562690886,22.935242,47.4824,0.91070306,3.2951548,1.2516888,20.611706,37.0,1.046829,2.526829,0.866341
dish_1564428144,175.8427,136.99156,9.601681,7.884941,14.803864,205.21292,171.0,14.074488,16.700045,5.11141
dish_1560456305,29.268265,18.409836,2.3480663,1.592491,0.4993059,26.391596,21.0,2.249872,1.348324,0.547266
dish_1565117429,382.3281,150.76987,13.5363,47.403164,16.41395,390.873,147.0,13.818,49.245003,16.464
dish_1564773876,160.38199,211.5349,12.523161,12.029424,13.956329,258.32758,219.0,15.969777,9.881201,18.995329
dish_1560526552,414.40958,372.2086,23.373878,34.350266,17.394983,359.2408,319.0,21.78213,28.019247,14.592025
dish_1560526408,64.11433,46.766956,4.435044,4.555086,2.1961641,67.098175,51.0,6.105806,2.743767,1.344815
dish_1562963325,597.64575,345.33853,23.672207,61.942932,34.38601,760.1619,379.0,31.46894,65.33332,51.822536
dish_1557937037,23.948286,56.11104,0.20836778,6.0687394,0.40216053,25.97,49.0,0.343,5.88,0.588
dish_1561662216,423.2161,270.46594,22.876356,19.685844,33.321487,300.79428,193.0,12.387489,28.21829,18.63397
dish_1562099134,208.43808,124.39613,11.996149,15.635274,11.485628,271.64127,188.0,14.042557,18.565031,17.734715
dish_1562008936,50.320045,99.95923,2.8302937,4.3126063,3.6797233,57.64,131.0,2.751,5.633,4.192
dish_1565020867,287.0286,333.68216,9.415735,34.48724,16.594734,255.80489,325.0,6.230683,35.736317,13.901073
dish_1558720133,13.134341,56.10673,0.19132404,2.6174674,0.94285846,14.25,57.0,0.171,2.85,1.026
dish_1561739238,305.53574,314.02487,9.93935,39.683586,13.565449,274.19,257.0,9.785,37.557,9.465
dish_1565711570,676.8043,324.26294,46.815342,35.744823,29.44135,603.8273,324.0,41.255486,34.23615,26.61869
dish_1562774206,350.84515,334.8707,21.946722,24.86218,15.906391,298.76355,272.0,16.548098,26.31213,12.147001
dish_1561148042,330.4186,264.07358,17.870277,26.62466,21.7652,370.75546,245.0,19.9778,25.641567,22.726137
dish_1560444931,134.05244,215.02885,5.892669,16.268251,5.862233,112.66,200.0,3.982,16.460001,4.306
dish_1558031302,61.287544,81.11977,0.1473134,13.001924,1.3480625,56.98,74.0,0.074,12.58,1.48
dish_1563566939,242.1116,245.7802,15.022796,19.088396,12.480053,286.02725,238.0,6.804595,48.869175,10.508528
dish_1566587102,231.34692,131.58861,12.475371,5.409763,24.394117,213.59941,146.0,7.505935,8.090585,27.14742
dish_1561405332,21.677246,60.942284,0.59860265,3.201227,1.3153856,18.55,53.0,0.212,3.71,1.272
dish_1564687013,402.61563,220.97423,26.066448,9.679944,36.798912,330.84085,224.0,26.888262,14.725341,32.21138
dish_1563996464,105.91684,162.43878,7.7738175,8.775628,3.778228,100.48919,146.0,7.867642,6.667095,3.017902
dish_1563998279,487.68216,294.67325,25.711794,20.433483,43.619637,565.005,296.0,31.652304,21.402533,47.960518
dish_1565020755,78.69078,16.33404,6.1849217,0.03947471,5.573309,43.28,8.0,3.36,0.112,2.96
dish_1557937758,103.43265,129.76701,2.4529195,19.550306,2.2515368,106.783,128.0,2.262,18.932001,3.53
dish_1559850338,283.35233,125.20806,21.996452,17.50768,11.064642,307.117,130.0,23.438,19.129,11.725
dish_1563305513,539.21436,228.90297,19.03368,68.7386,23.567057,606.25195,228.0,21.432,76.380005,25.536001
dish_1563389548,269.51724,151.2323,12.958429,-0.05207883,37.19276,438.828,194.0,28.906,0.194,43.843998
dish_1565898128,195.0522,132.71301,8.54229,6.65982,24.063982,209.03076,134.0,8.73466,6.154403,24.271492
dish_1558549413,620.31006,111.54821,53.381226,25.666676,24.429287,682.158,118.0,58.41,26.786,26.432001
dish_1562703345,159.2753,74.1241,6.6996946,18.44747,7.455354,154.28,58.0,5.626,19.140001,6.38
dish_1565030350,96.51805,78.57172,8.223097,4.6636767,1.6313299,62.585663,62.0,5.91621,2.292192,0.844501
dish_1562774180,181.85654,229.42094,9.270399,24.397654,2.930906,164.08356,181.0,6.538097,24.856129,3.047
dish_1559239256,58.35509,122.26365,0.05378297,14.5673895,1.130465,60.16,128.0,0.128,15.36,1.152
dish_1563566909,208.94974,210.7806,9.530878,22.777815,10.6937895,222.53001,187.0,0.748,46.75,9.35
dish_1563984199,322.81326,630.74365,1.9234716,18.96013,48.489098,322.68,670.0,1.278,22.244,48.598003
dish_1558722125,492.3171,85.43228,42.439224,20.34453,19.421621,497.16602,86.0,42.57,19.522,19.264
dish_1565123845,255.4198,189.68121,11.369398,20.021172,17.85199,268.66177,201.0,12.761543,17.499899,20.015167
dish_1562168696,110.56624,164.41614,4.9068904,16.14305,2.2221353,95.11484,141.0,2.474677,18.134903,1.705
dish_1567785778,256.44785,264.5967,11.760498,27.808422,12.409262,303.5075,310.0,15.198483,32.629898,11.701199
dish_1564687090,550.53485,440.58575,35.443718,24.37189,47.999252,498.01868,416.0,32.74007,40.485527,38.089466
dish_1563909507,97.67462,148.39714,6.0002866,8.988259,3.2365532,117.925575,151.0,9.166178,8.186116,2.891765
dish_1560526530,248.7806,272.16342,11.855661,32.548992,5.2085023,245.28075,242.0,13.31213,26.787249,6.892025
dish_1563295044,222.44955,153.88786,10.885632,22.459188,9.350621,241.97537,158.0,12.167227,25.84521,7.933867
dish_1559844272,411.56448,80.51451,35.36618,17.062517,15.904427,462.48,80.0,39.6,18.16,17.92
dish_1561578800,295.95944,150.25945,13.460056,32.807674,12.3042555,338.3547,146.0,14.539577,38.594208,13.271948
dish_1562099157,225.29524,169.40575,12.875269,16.749094,13.0096855,277.5313,207.0,14.06156,19.89503,18.076714
dish_1562703447,187.72556,127.2506,11.173317,17.966467,5.7237053,384.42624,259.0,17.95558,37.65104,18.510515
dish_1566587143,259.99857,203.41096,13.08705,9.394463,25.545687,354.39944,234.0,20.705935,16.010584,28.907421
dish_1562618000,493.68555,411.79306,31.077412,17.863924,44.11196,685.9939,448.0,36.10398,30.821442,59.159676
dish_1566851704,446.60733,331.25217,17.754702,39.993954,32.99179,461.16016,348.0,18.996983,46.817013,26.711891
dish_1566587182,431.3959,345.33707,25.871517,20.584105,28.541958,531.261,377.0,37.361893,22.501673,31.371517
dish_1558718680,253.32217,42.107864,21.812618,9.6649275,9.962137,132.963,23.0,11.385,5.221,5.152
dish_1563898019,350.98978,210.48613,23.946936,8.6058235,23.955534,343.9774,237.0,22.634478,10.499256,24.180925
dish_1558718610,104.3925,102.778946,2.295415,21.668695,3.0756583,113.527,107.0,2.568,23.539999,3.317
dish_1565894910,469.869,190.44612,18.314713,56.796154,20.040564,537.11304,179.0,21.353,67.94501,18.191
dish_1561578865,380.9397,284.68445,17.037899,43.476326,16.209494,417.1853,246.0,17.301928,49.707146,16.735947
dish_1568401167,295.8199,197.53697,8.183781,4.3294053,47.71528,426.36002,228.0,20.976,20.976,36.936
dish_1564689219,441.63806,455.7302,26.10885,34.05932,27.974016,506.84705,474.0,28.081553,44.726837,27.231215
dish_1563984296,463.5733,825.6583,6.991085,47.721954,45.967945,436.33707,871.0,3.53839,44.607613,51.17776
dish_1558110478,193.77995,162.10245,9.903196,16.055332,10.374023,205.439,161.0,6.801,27.932,8.301001
dish_1563295016,136.31773,75.20467,8.858168,6.9993653,8.209357,127.88,79.0,7.621,8.182,6.965
dish_1557861216,4.926314,9.98225,0.1652182,0.55644524,0.18911263,0.0,1.0,0.0,0.0,0.0
dish_1558376801,6.0998077,7.371466,0.3309948,0.26341137,0.28822634,4.2,15.0,0.06,0.795,0.33
dish_1561739188,113.36236,150.95131,1.1458068,25.627527,1.3710859,97.09,143.0,0.183,23.3,1.247
dish_1565020822,243.36006,227.14494,9.658739,18.597143,19.060225,180.56488,193.0,5.834682,17.256317,12.977074
dish_1561667238,271.41208,188.34084,11.315632,17.488554,22.419119,268.80484,165.0,12.344784,15.250226,23.481403
dish_1558114209,30.836271,93.145874,0.23980805,6.6918197,0.973012,30.6,90.0,0.18,7.2,0.72
dish_1561654392,502.7534,285.94354,36.10988,10.673997,33.616364,494.0655,282.0,35.081356,13.55521,30.914278
dish_1564160043,244.03787,98.23303,1.8442464,45.443882,10.878555,245.0,98.0,1.47,48.02,9.898001
dish_1558376364,52.295532,70.55843,0.11888061,13.027458,0.5059128,48.99,71.0,0.142,12.780001,0.497
dish_1566849987,524.0091,453.73984,22.299099,15.322989,63.77293,562.97,540.0,16.635,20.534,80.741
dish_1563898107,418.56204,357.52194,23.070026,27.989243,25.406553,440.6934,424.0,23.117477,34.801258,25.451927
dish_1558635489,97.25527,90.21754,2.1902125,20.480804,2.9477973,78.514,74.0,1.776,16.28,2.294
dish_1566589933,197.9614,130.92659,6.769045,5.405008,27.621954,89.060005,122.0,5.856,2.318,9.76
dish_1568401199,354.3999,257.7741,11.421941,13.940602,46.83187,459.64337,343.0,22.450722,24.832966,37.956963
dish_1563898084,410.82956,331.92102,23.903751,23.094007,25.657053,419.49338,384.0,22.837477,30.001255,24.971926
dish_1565898158,242.80972,219.8795,11.613912,10.749227,28.368391,240.42575,194.0,10.293161,10.249402,25.324493
dish_1560368464,262.61905,246.81834,12.105663,14.916303,24.440649,349.44995,275.0,18.062435,16.807095,29.051191
dish_1565898230,687.5417,464.87302,38.209236,19.764132,66.00147,780.202,500.0,42.676907,19.73115,73.94603
dish_1566316757,390.30582,741.459,5.205356,27.630194,51.22915,448.38287,819.0,4.36961,34.20939,59.50024
dish_1566849923,113.8268,222.01756,4.585733,16.786995,2.8647764,127.97,240.0,7.515,16.214,2.093
dish_1562009934,521.1295,422.8055,25.809982,30.32913,49.19268,434.91443,369.0,15.623594,62.24358,12.707417
dish_1560456370,300.3876,206.45847,9.346888,31.649527,22.386503,258.38275,186.0,7.644188,14.921614,30.939077
dish_1561741090,101.97475,221.67384,2.138226,15.586474,5.787828,161.54001,221.0,5.977,11.469999,15.538
dish_1565811000,492.95108,311.3356,24.855364,3.371373,60.684723,342.85,225.0,7.46,0.72,64.13
dish_1560444892,31.115438,82.966705,0.036238194,8.082412,0.46881026,39.54,90.0,0.09,10.139999,0.45
dish_1563565508,269.24576,265.81357,13.260357,21.92396,20.108223,403.862,387.0,24.761736,32.0267,26.264353
dish_1556575327,97.103455,145.88326,6.0539713,10.740585,3.2578092,103.3,152.0,6.882,10.618,2.868
dish_1564428102,60.51983,48.429462,4.870407,3.9046514,1.2935538,133.21967,107.0,12.706974,4.446124,2.430635
dish_1558376306,374.09973,108.52815,29.569782,3.8085759,21.11746,372.168,108.0,29.484001,4.536,20.844
dish_1561654374,302.92996,253.56693,21.347542,10.707307,18.150175,326.35553,251.0,22.061356,13.121208,19.444277
dish_1566328831,826.4053,495.01282,32.77326,70.53272,62.82807,941.61,500.0,30.021,85.81,78.08
dish_1562168673,64.40379,101.04938,3.8742433,7.4695616,1.7438831,56.354836,73.0,2.270678,8.614903,1.229
dish_1558375886,905.10693,260.64407,72.53443,36.33252,40.864746,1050.5111,277.0,84.153,42.757,44.874004
dish_1564773976,423.1627,439.64142,21.036829,22.796865,46.242073,516.0895,463.0,22.14978,26.4142,52.714333
dish_1566851584,266.97488,178.28108,10.534769,31.98551,12.511351,286.29498,222.0,10.867,34.366,13.904001
dish_1560800988,214.19083,251.62056,8.961944,24.429031,10.70148,314.86566,230.0,5.115041,61.249092,11.727562
dish_1559849497,458.8232,300.3141,26.422493,50.675564,12.699236,521.43304,340.0,30.552,58.439,15.014
dish_1562008979,414.6686,257.2694,22.76198,12.087941,36.49411,382.93665,290.0,22.224644,10.17357,35.345387
dish_1560445004,314.1884,319.1475,17.511993,24.48966,16.423975,339.5979,290.0,21.015444,24.439625,14.747491
dish_1561662190,228.55856,175.83272,11.762277,15.956721,15.743205,117.31832,104.0,3.98708,18.392817,2.39816
dish_1559844366,505.82706,187.52823,38.686157,32.877163,18.355776,529.22003,192.0,39.885998,34.91,19.230999
dish_1563998244,198.62021,162.39671,9.040202,14.900033,17.809301,259.4792,170.0,10.330991,16.383186,24.273895
dish_1566838378,278.84506,428.8677,8.955156,42.89979,9.813414,286.21002,482.0,7.972,49.073997,8.990001
dish_1566851616,288.42307,212.59447,11.478656,34.27917,13.41346,300.7789,248.0,11.60261,36.14161,14.512781
dish_1565034605,59.645653,62.557728,4.3031144,4.2735047,1.0772911,52.4912,52.0,4.961983,1.922484,0.708292
dish_1558030435,259.33417,206.02283,12.912283,21.99616,14.123272,246.94,221.0,11.115,24.954,11.915
dish_1558114284,147.6897,290.1592,0.49614227,38.708477,1.6936116,162.23001,316.0,0.632,22.569,21.321
dish_1565638515,198.64444,188.48805,9.851955,9.950082,20.596035,198.97098,165.0,10.759086,8.950356,16.704958
dish_1558376212,294.46762,52.30627,25.1233,11.980081,11.434829,300.612,52.0,25.74,11.804,11.648001
dish_1560975491,31.141699,96.00198,1.0817884,3.8700721,2.6054492,37.84,86.0,1.806,3.698,2.752
dish_1565035715,11.596029,36.590923,0.07878906,2.6769857,0.43599826,15.6,39.0,0.039,3.51,0.429
dish_1558375833,305.71378,85.075935,24.227726,3.6100328,16.694498,317.032,92.0,25.116001,3.864,17.756
dish_1561574428,105.922195,210.38551,5.5951743,10.222514,5.691539,84.00237,172.0,5.07367,7.938416,3.987952
dish_1561147997,193.82335,152.19136,9.34927,21.652521,7.2652636,185.18002,133.0,8.629007,20.639935,7.060393
dish_1565974375,392.84207,86.598694,30.908827,2.7362251,26.366266,459.84998,85.0,35.7,1.19,31.45
dish_1560801829,258.15768,152.27486,11.101885,27.319376,11.730989,256.89563,178.0,10.540594,30.348633,11.184874
dish_1561574848,208.54437,181.00276,11.960402,7.547509,19.15949,182.2583,155.0,10.234437,4.81575,18.055315
dish_1558722171,20.945415,88.79759,0.24313389,4.0635543,1.6007507,24.25,97.0,0.291,4.85,1.746
dish_1559844323,492.2839,146.86726,38.469757,30.271154,17.708532,518.37,161.0,39.761997,32.74,18.487
dish_1568401302,659.4032,530.0807,25.221077,52.71313,55.595745,716.4794,561.0,28.946722,69.86497,44.677963
dish_1558461607,79.990585,116.301155,0.4010082,19.921957,0.7583885,87.63,127.0,0.254,22.86,0.889
dish_1558031394,235.70734,316.1367,1.505007,52.82309,3.665953,237.41,318.0,0.521,55.475998,4.23
dish_1562172600,239.99762,379.7518,3.27339,19.14514,28.422297,263.59998,370.0,6.02,16.43,30.68
dish_1562790855,733.815,499.33923,52.974365,22.835535,73.27712,739.37646,507.0,67.88484,23.783417,78.43167
dish_1560526514,218.49535,259.24866,9.569746,30.790133,4.3530593,183.25275,224.0,8.398129,26.031246,3.418025
dish_1558546663,309.8284,192.22917,19.71809,28.415394,10.756449,330.734,197.0,22.108002,30.264,10.601
dish_1560368570,434.12296,404.32053,25.630123,21.8696,37.4887,555.93274,452.0,39.18786,27.133636,46.5131
dish_1565638550,272.75723,234.0043,11.182412,9.383207,35.23677,277.6568,215.0,12.71771,10.055079,30.124464
dish_1563897938,60.13098,12.728128,4.684049,0.33426785,3.893488,54.1,10.0,4.2,0.14,3.7
dish_1558376734,179.20874,48.251377,14.440559,2.4810202,9.433614,206.76001,60.0,16.380001,2.52,11.58
dish_1567785622,40.012527,64.73751,0.30030614,9.39578,0.5031443,30.779999,54.0,0.162,7.56,0.378
dish_1558639526,27.658575,62.15397,0.22478174,6.143169,0.49943954,31.98,78.0,0.156,7.8,0.702
dish_1559849053,281.9787,110.1944,19.965195,22.231194,9.10457,381.528,125.0,28.844002,25.226002,13.461
dish_1558031237,30.738005,94.87976,0.14535137,7.023576,0.7111242,31.62,93.0,0.186,7.44,0.744
dish_1564773847,151.31284,147.38826,12.597435,7.458493,15.910579,238.02757,161.0,15.737777,5.8212,17.603327
dish_1566590056,829.3146,493.50052,38.75316,49.07964,67.14453,815.64764,519.0,34.712166,63.92706,62.92694
dish_1564773942,400.0771,423.70474,19.066608,22.575125,45.17145,491.93954,442.0,19.90278,25.0912,52.54633
dish_1561393715,32.967438,52.772083,0.7506505,5.1615405,1.8568761,17.15,49.0,0.196,3.43,1.176
dish_1563897981,245.49525,133.96863,18.54798,2.836674,16.20339,243.54001,138.0,18.279999,2.188,16.5
dish_1558545738,73.65454,139.75243,0.22366557,19.724491,0.3680909,73.84,142.0,0.284,19.88,0.426
dish_1558718649,26.73306,82.05932,0.22278996,5.82176,0.59715706,25.84,76.0,0.152,6.08,0.608
dish_1562690950,117.460625,235.13686,2.091818,24.458616,2.2264798,109.061714,202.0,1.381829,24.826828,1.861341
dish_1564689108,177.6008,169.58546,11.6470785,15.825185,6.3596735,203.66246,159.0,15.866496,13.156699,4.929469
dish_1561578775,249.21593,94.378716,9.317238,29.676958,11.211023,295.149,111.0,10.434,37.185,12.432
dish_1558110385,57.423653,39.204956,3.7641659,0.7812186,3.999043,52.87,34.0,3.57,0.408,4.25
dish_1563998513,695.2586,617.9864,36.170914,39.173008,57.51525,757.50507,599.0,38.7363,51.552532,54.239513
dish_1559844458,51.073082,68.49583,0.05679048,13.073493,0.6489065,55.89,81.0,0.162,14.580001,0.567
dish_1566316681,118.05173,133.42824,3.5311022,21.445902,0.57438684,116.762924,122.0,2.97561,21.42439,1.190244
dish_1566851549,216.0025,84.48288,7.9667716,27.004091,9.107481,226.015,85.0,7.99,28.475,9.52
dish_1565034681,347.5941,199.95448,17.7688,35.49598,13.528284,323.55328,185.0,18.93251,29.18774,10.422204
dish_1558635523,33.098095,25.654537,0.051084667,6.8253407,0.48766577,55.899998,43.0,0.129,12.04,1.161
dish_1559239369,156.79825,272.69516,3.5099208,31.301939,2.6533618,130.92,276.0,0.612,31.919998,3.068
dish_1566849955,108.59527,261.9551,2.9135604,17.188044,4.495394,147.17,288.0,7.563,20.534,2.621
dish_1559849537,484.90366,367.32495,26.38181,57.67107,13.22708,549.523,393.0,30.711,65.328995,15.438001
dish_1562776428,32.97539,71.20737,0.99579406,5.237734,2.2590852,33.69978,66.0,0.844443,5.852568,2.209742
dish_1560800918,68.80879,68.190674,6.3316054,2.6047237,1.5755806,70.825645,40.0,3.925041,7.729096,1.983562
dish_1565898193,301.93393,322.0485,15.627604,14.863953,29.067774,291.91403,268.0,14.644992,12.845702,26.551004
dish_1558376874,359.13272,64.2382,30.924486,13.607453,14.095111,335.298,58.0,28.710001,13.166,12.992001
dish_1558630176,70.85513,134.3503,0.22364135,18.77485,0.3957268,73.84,142.0,0.284,19.88,0.426
dish_1565034635,113.99455,119.667175,9.158377,6.5179763,1.9874656,124.08925,110.0,11.76551,4.257738,2.100204
dish_1561405356,184.42857,176.68349,11.688555,7.6293626,21.201052,206.6452,176.0,4.198396,7.496847,33.413628
dish_1557937427,34.613228,15.95193,2.6819048,0.17675228,2.3458107,26.435,17.0,1.785,0.204,2.125
dish_1563551220,432.07803,546.83203,11.373079,55.037266,27.890333,561.70355,558.0,14.519855,79.790924,28.948807
dish_1560368506,427.58157,356.58826,20.168224,22.222843,40.70659,462.93378,378.0,31.259737,22.382402,44.58464
dish_1566589967,571.98193,313.16144,29.268494,17.617407,58.754875,381.66196,322.0,16.1381,13.400992,46.94825
dish_1560444948,161.723,237.37894,8.43355,17.73633,6.297527,171.31688,231.0,10.029442,17.637623,4.611491
dish_1560975572,97.765686,198.32745,4.389687,11.153459,7.1580224,96.990005,159.0,2.158,16.068,5.584
dish_1558719994,650.8759,115.685295,56.167942,26.648077,25.733015,768.87305,133.0,65.835,30.191,29.792002
dish_1563208439,98.67974,105.021454,5.1468444,7.3274937,6.199803,92.61,96.0,4.299,8.009999,6.144
dish_1566920304,281.2251,545.8611,1.1471164,1.4197861,55.26435,296.4,570.0,1.14,3.99,57.0
dish_1561393741,163.3987,141.3651,10.101492,7.834278,9.937084,188.83,165.0,12.956,5.286,12.776
dish_1557862738,274.86496,115.25493,17.994438,3.5079696,23.58971,319.78,118.0,22.42,0.0,29.5
dish_1559233627,47.227684,7.6636567,3.4173164,0.13722266,3.06512,64.92,12.0,5.04,0.168,4.44
dish_1565896745,339.74942,240.97041,23.740725,10.821748,20.693262,368.54034,244.0,25.222511,10.737839,27.18707
dish_1562099076,83.576584,32.990765,3.2294881,10.626089,3.1964998,110.181,61.0,3.761948,14.762364,4.357234
dish_1562700568,306.6821,336.1343,17.922756,20.571957,24.998695,246.86443,318.0,21.832207,16.653193,23.56325
dish_1566838286,60.231983,130.3604,0.26577365,14.516995,0.7318502,72.5,145.0,0.145,18.849998,0.725
dish_1561147967,181.9868,95.829865,8.403932,20.424555,6.8405566,177.98004,85.0,8.437008,19.343935,6.532393
dish_1563565415,297.67825,261.98938,15.873989,21.487465,25.185476,303.47714,284.0,18.17414,24.998693,21.371407
dish_1558722247,579.89905,296.46365,41.855774,43.8707,19.906118,604.616,343.0,43.181,46.772,21.49
dish_1566920365,479.93204,805.59406,7.6580577,26.886786,65.86612,490.4217,871.0,5.324439,41.393566,60.675976
dish_1561574815,114.67691,124.54018,8.821927,7.0299587,2.6308522,74.85296,89.0,6.637806,3.246844,1.653304
dish_1565118782,485.38864,312.9893,29.855549,18.122793,34.29303,557.5216,353.0,34.1091,17.046598,43.74096
dish_1562168648,43.555176,47.983776,3.5631151,2.46103,1.3591197,41.594833,32.0,2.229677,4.924903,1.024
dish_1563996485,176.7608,234.34932,11.440111,16.378195,6.3036633,178.03918,201.0,11.607642,16.567097,4.172902
dish_1567785654,66.617325,115.462975,0.29244828,16.505964,0.992172,51.78,96.0,0.204,13.02,0.588
dish_1558113941,296.1813,89.700745,24.988716,12.477131,12.474365,296.89,78.0,24.862,12.834001,11.816001
dish_1557937157,360.59067,284.4211,23.270153,15.47308,23.134283,355.25,271.0,22.123,14.700001,24.342
dish_1558719570,67.57879,125.08206,0.24954437,18.008268,0.27311337,74.36,143.0,0.286,20.02,0.429
dish_1560367904,121.35334,70.21733,7.586023,2.1124876,13.885065,76.02315,69.0,8.840912,3.734912,10.405902
dish_1558375732,45.03131,63.490894,0.123460814,11.14512,0.49998134,45.54,66.0,0.132,11.88,0.462
dish_1565711453,187.34445,124.58111,13.86686,1.9918131,13.189658,198.32,134.0,14.74,2.144,13.400001
dish_1557862345,108.64837,61.614002,2.8353481,-0.40972906,20.341974,103.95,63.0,2.268,0.0,19.53
dish_1566851677,362.49484,258.43393,14.596912,34.922375,24.255053,354.77383,296.0,12.628245,45.332054,16.523363
dish_1560368395,35.73988,109.86429,0.18454842,9.1371565,0.5553634,49.320004,137.0,0.137,12.330001,0.685
dish_1562876531,66.41806,95.79602,4.4054313,4.32863,4.6632915,66.066925,85.0,2.410626,3.079953,8.375736
dish_1566920339,418.41678,691.86694,4.7911325,21.582384,61.492027,449.5317,730.0,5.042439,32.087563,58.560974
dish_1558717604,68.41479,133.02641,0.17583753,18.41921,0.39061463,73.84,142.0,0.284,19.88,0.426
dish_1561574456,225.90512,259.318,9.322882,25.924774,10.612105,203.65736,217.0,9.303671,23.013418,9.027951
dish_1563478751,671.19025,438.60562,34.582855,41.390392,45.06182,950.3951,545.0,45.303986,54.13328,74.7722
dish_1558376437,14.36747,39.625515,0.08405922,3.3279643,0.3825755,13.26,39.0,0.078,3.12,0.312
dish_1561654346,85.683075,108.89474,5.7018657,7.3885036,2.7036963,79.19549,84.0,3.691355,10.449209,2.744276
dish_1559842047,144.16168,271.3619,0.7300465,35.226643,2.3328667,153.69,285.0,0.487,39.53,1.992
dish_1562009894,219.96964,211.61217,10.827617,25.61215,6.1995764,244.80722,200.0,12.012504,29.885567,5.628496
dish_1565118700,28.735615,28.063492,2.0955725,2.2530615,0.8767506,16.66,49.0,0.2205,3.1115,1.2495
dish_1563221025,281.6125,153.09251,15.264378,7.4715867,28.595585,245.4458,123.0,12.988835,4.359616,25.94677
dish_1558461692,178.6945,32.802685,15.147425,7.3868136,6.6436934,231.24,40.0,19.8,9.08,8.96
dish_1558031133,116.650665,93.6597,0.85739595,26.351755,1.0176688,136.51001,110.0,0.22,32.34,1.76
dish_1563565323,200.88385,146.99792,9.818914,15.793124,17.442135,229.53024,152.0,10.840512,21.651379,14.405099
dish_1562617939,98.63968,121.996475,7.5731425,7.0872493,2.488666,234.96613,133.0,14.640826,20.433863,7.238798
dish_1558722207,73.57119,140.28932,0.3654209,18.749205,0.54803777,83.2,160.0,0.32,22.4,0.48
dish_1558635546,72.81602,136.6169,0.23250017,19.4349,0.33676594,60.839996,117.0,0.234,16.38,0.351
dish_1558639849,18.378525,46.70444,0.056097455,4.036983,0.2833621,23.369999,57.0,0.114,5.7,0.513
dish_1565020895,343.3377,420.7856,11.243662,38.59838,22.732332,348.12613,416.0,10.233284,43.37596,20.961317
dish_1562963246,269.39297,107.84837,9.912426,33.73972,11.2516575,324.39798,122.0,11.467999,40.870003,13.664001
dish_1563909550,245.5444,261.00482,7.854764,37.943336,7.482805,310.31958,273.0,11.850177,44.664116,8.625765
dish_1563998323,589.02527,566.6571,29.108395,32.04358,51.844994,634.50507,574.0,32.4863,35.302532,52.964516
dish_1567007783,63.544792,119.770386,0.6783416,14.825547,0.704795,50.0,106.0,0.352,11.94,0.879
dish_1559849020,47.754818,64.23222,0.100388266,12.32534,0.43953615,46.23,67.0,0.134,12.06,0.469
dish_1557936555,123.48178,78.069626,9.446363,0.26889062,8.976611,149.28,96.0,10.08,1.152,12.0
dish_1562009006,503.1155,286.05222,28.228947,18.190063,39.66674,470.71664,323.0,25.425642,21.06357,38.975388
dish_1559239151,38.72551,46.90394,3.355519,1.7029257,0.9585165,9.2,40.0,0.16,1.44,1.16
dish_1560526490,155.17549,196.82512,8.67171,19.10206,3.1755977,141.67276,170.0,8.34413,16.85125,2.338025
dish_1565811139,468.6387,429.90314,25.820618,21.675165,39.69352,902.2,416.0,62.632004,9.06,74.731
dish_1558635400,23.61909,87.64498,0.22212383,4.5699697,1.5658941,25.0,100.0,0.3,5.0,1.8
dish_1558461792,308.4678,221.75963,19.213345,30.48591,10.028935,331.0,233.0,20.196,34.499,10.543
dish_1565811025,363.7576,329.88516,12.255051,9.726395,54.592163,361.05002,277.0,7.668,4.36,65.378
dish_1560800951,142.71724,219.04591,8.554417,11.0876875,7.6860456,102.825645,168.0,4.309042,14.129096,4.287562
dish_1559846688,77.925735,104.9393,4.756123,5.1112065,6.1607366,82.83245,73.0,7.752181,3.110637,1.291914
dish_1558630207,573.02905,102.59201,49.400673,23.09089,22.658903,670.596,116.0,57.420002,26.332,25.984001
dish_1559157454,25.688656,24.940937,1.9194739,1.4197488,0.6385449,34.564575,28.0,3.284461,1.127364,0.671958
dish_1562876494,19.412338,19.981176,1.3680872,1.2440284,1.2949613,40.10693,26.0,1.171626,0.542953,6.487736
dish_1561574479,390.65234,332.6373,18.708715,29.425161,26.385923,363.61377,293.0,18.486538,25.268995,24.553905
dish_1561654326,59.49736,54.84779,5.2104716,2.6927197,1.0936637,59.79258,46.0,3.205161,7.079548,1.472
dish_1563996441,77.19534,66.87601,6.987201,3.3163865,1.6920311,80.23919,65.0,7.624641,2.617095,1.559902
dish_1560801883,519.0051,298.88278,23.371126,32.27171,41.146637,512.11127,315.0,22.146605,34.62946,42.559067
dish_1560801859,401.82736,223.62358,19.742916,28.506199,26.058666,428.70428,262.0,20.070465,33.458454,28.334389
dish_1562691064,585.23157,526.3757,29.840477,58.644886,23.860231,555.3037,501.0,23.93183,64.772835,21.98934
dish_1558030383,145.71121,27.407795,11.248188,0.3097998,10.365955,140.66,26.0,10.92,0.364,9.62
dish_1563389626,117.095505,195.122,5.3547425,14.840977,3.1826205,498.62003,360.0,30.181793,12.393457,45.32694
dish_1565898331,106.9243,68.98034,8.352246,3.5046074,9.677849,155.99312,100.0,6.518404,4.592838,18.113056
dish_1567007751,50.087616,94.11009,0.58144677,11.427079,0.58494854,39.93,87.0,0.219,9.66,0.651
dish_1558720097,30.698816,72.14596,0.14779055,7.3886194,0.6371089,30.34,74.0,0.148,7.4,0.666
dish_1558110297,28.81931,48.872166,0.19942503,6.684364,0.32447577,29.07,51.0,0.153,7.14,0.357
dish_1561574783,39.262672,43.35621,2.8906443,1.7842319,1.222157,29.626781,24.0,2.815253,0.966312,0.575964
dish_1563220987,247.84854,133.34528,13.759054,6.0265164,24.648449,224.9875,110.0,12.479591,4.072388,22.457699
dish_1568305198,324.14334,102.3406,23.660074,4.236162,23.874113,311.354,82.0,23.042,2.542,23.862001
dish_1561405389,253.06316,205.60931,16.68414,9.536849,23.26452,265.98346,223.0,8.393058,12.105439,34.985947
dish_1565638599,396.34467,325.7703,15.773806,26.830832,39.644043,368.69836,279.0,15.76237,23.103624,32.858444
dish_1565986702,206.255,185.09703,25.821182,6.749067,25.679144,211.344,204.0,24.373022,6.954482,27.831074
dish_1559578599,256.23016,203.36305,11.922577,23.679008,12.559849,229.97998,193.0,9.825,25.422,10.045
dish_1559233715,85.452286,88.22652,1.5246187,16.086666,1.4625468,83.6,110.0,0.0,19.800001,1.1
dish_1559849466,423.74503,243.8259,26.824427,41.0102,12.598994,467.61304,262.0,30.396,44.399,14.468
dish_1558630325,644.21643,258.06558,49.426277,40.73599,23.714079,751.542,269.0,58.078003,46.564,27.081001
dish_1565035802,90.48907,272.48343,2.0045147,15.642269,4.6991115,69.200005,250.0,0.571,14.785,3.714
dish_1558641253,99.755936,99.61948,2.2386467,21.191858,3.0963519,116.71,110.0,2.64,24.2,3.41
dish_1560444967,171.68484,265.02255,7.6870255,21.55817,6.451237,197.37788,252.0,10.071443,23.811623,4.947491
dish_1559233570,14.842133,38.128292,0.16725636,3.787042,0.23501219,16.83,51.0,0.153,4.08,0.357
dish_1565034661,223.28165,145.7859,11.931841,21.126375,8.566275,219.81326,146.0,15.149511,16.317738,6.132204
dish_1561663541,104.27388,85.05971,3.2563338,14.0926695,3.5127068,124.32,112.0,1.008,25.76,2.912
dish_1557937715,16.505413,40.21338,0.044829592,4.3832197,0.37490252,20.669998,39.0,0.273,4.68,0.468
dish_1566838407,308.0976,472.91068,8.866996,51.53741,8.70883,358.9476,558.0,9.825659,62.420345,9.731463
dish_1562691000,372.15817,408.11087,20.825518,28.474586,19.499653,326.6217,349.0,17.551828,27.178827,16.56134
dish_1564427406,249.42307,132.1012,12.667376,0.2639491,32.42115,305.37003,135.0,20.115,0.135,30.51
dish_1561662814,23.537846,26.72331,2.129358,1.5612752,1.3725427,23.24351,20.0,1.875044,1.529342,0.350089
dish_1565638478,40.984894,87.78254,1.8209627,6.051704,1.9404051,47.615753,91.0,2.363725,6.21075,1.59705
dish_1562690917,70.28504,140.04562,1.4268696,13.934619,1.5288081,69.06171,122.0,1.301829,14.426828,1.461342
dish_1558549806,648.2601,210.06285,46.99767,46.758152,23.01295,781.958,203.0,58.675,48.146,28.747002
dish_1561578839,358.06396,245.28871,16.3473,39.96228,15.18301,362.1547,214.0,14.811577,43.354206,14.903948
dish_1558376984,642.9304,339.424,43.854023,42.071136,27.352858,671.67804,350.0,45.584,30.23,45.440006
dish_1563996509,325.87833,316.64514,16.130701,18.962385,28.927874,365.18488,316.0,17.874498,19.300793,32.752163
dish_1558110436,47.226982,57.519417,0.618366,10.468532,0.28710243,85.629005,69.0,0.138,20.286,1.104
dish_1564686966,124.47511,51.726025,7.5254006,0.9374927,12.37808,153.2047,65.0,10.102215,2.514239,13.087502
dish_1562099053,70.09485,21.615265,2.6201563,8.447589,2.698951,98.382996,37.0,3.478,12.395,4.144
dish_1563208459,180.08205,175.07408,7.09425,23.641815,6.544687,186.48595,161.0,8.039566,22.543018,6.94117
dish_1566850031,517.05566,493.38876,19.098427,15.818246,67.52329,616.772,662.0,19.197,25.78,84.645
dish_1565711527,537.64075,282.1683,35.682518,34.884247,19.482565,484.80725,302.0,32.015488,33.92815,18.47869
dish_1562703382,196.74199,158.10463,6.58874,28.609686,7.748835,203.87,145.0,5.887001,31.320002,6.989
dish_1566502437,63.7274,69.77402,5.369781,4.2299657,1.3435061,74.56404,64.0,6.415376,3.824625,1.711664
dish_1561662842,221.7423,149.75186,8.435413,4.6099496,31.7665,263.1255,172.0,8.762704,5.882767,38.171024
dish_1562691032,415.4334,459.16507,20.597305,39.486637,19.093584,419.6817,415.0,22.03983,39.058826,17.94734
dish_1565974409,493.2924,211.56642,35.529236,9.300489,36.31427,688.64996,228.0,50.0,5.48,51.47
dish_1558372948,482.0041,87.97876,41.483097,19.46021,18.884819,687.939,119.0,58.905,27.013,26.656
dish_1560367980,273.45132,216.23561,15.781639,22.605614,16.334913,421.46512,254.0,21.10691,47.24391,25.664904
dish_1560444914,60.994682,169.15651,0.31902927,15.433593,0.9253387,62.340004,166.0,0.242,15.915999,0.906
dish_1557937335,39.196945,25.929876,1.0395311,7.4629374,0.4181875,47.158,38.0,0.076,11.172,0.608
dish_1563221157,421.53085,351.11514,23.483377,20.129242,34.349243,418.152,352.0,21.499546,23.968084,33.805244
dish_1560526447,87.120766,98.276405,6.8935194,6.3350205,1.7961243,88.59277,70.0,8.15613,3.411251,1.750025
dish_1562774159,108.21164,169.65791,5.7146373,14.710471,1.9424201,90.76355,129.0,3.002097,15.496128,1.955
dish_1563998210,113.82998,71.43002,5.6793723,1.9753038,15.836642,148.08922,91.0,4.958992,2.163187,22.614895
dish_1565711498,249.9595,214.37856,16.549671,7.8809867,17.545975,246.82727,229.0,15.955486,10.568151,16.580688
dish_1561663606,367.18582,287.62234,17.796223,36.092564,28.500029,474.5034,347.0,10.804142,40.14499,52.672283
dish_1558114086,74.781006,143.50674,0.34165508,18.522139,1.0104094,74.36,143.0,0.286,0.429,20.02
dish_1558630288,10.366612,19.037601,0.5409524,0.9239688,0.5807061,7.106,11.0,0.374,0.352,0.671
dish_1563984167,288.44864,584.95984,1.5381578,12.619421,46.999214,291.68,608.0,1.216,14.184,48.288002
dish_1566416701,246.41653,157.09645,13.024231,7.175507,29.062042,198.53717,122.0,6.648317,2.900097,30.31887
dish_1560801797,33.025223,97.34509,0.6808059,6.070523,1.3286004,25.655659,96.0,0.700594,4.108631,1.344873
dish_1562172643,596.6007,438.95615,32.659534,20.86181,50.58184,734.26996,457.0,42.559998,17.648,62.87
dish_1565117463,419.34753,230.5913,15.260384,51.14977,19.594862,435.313,248.0,15.939,53.588,19.696001
dish_1561741063,140.70782,161.1882,5.231481,11.08926,11.346319,132.3,135.0,5.805,4.59,14.85
dish_1568401233,396.88754,374.4614,10.453829,22.51676,51.635086,490.39337,418.0,22.600721,32.332966,38.63196
dish_1565898432,446.18958,316.5378,29.373917,15.371579,33.551804,450.22498,282.0,25.761126,11.596747,40.696297
