dish_id,pred_calories,pred_mass,pred_fat,pred_carb,pred_protein,true_calories,true_mass,true_fat,true_carb,true_protein,preddens_calories,preddens_fat,preddens_carb,preddens_protein,truedens_calories,truedens_fat,truedens_carb,truedens_protein
dish_1565035746,46.6397,164.131,0.792694,9.13698,2.21243,43.1,149,0.369,9.01,2.409,28.4161,0.482963,5.56687,1.34796,28.9262,0.247651,6.04698,1.61678
dish_1558639818,27.369,78.1895,0.172948,6.34835,0.594849,20.06,59,0.118,4.72,0.472,35.0033,0.221191,8.11918,0.760778,34,0.2,8,0.8
dish_1558549605,86.33,67.7381,0.167787,18.6709,1.81023,97.5,75,0.225,21,2.025,127.447,0.247699,27.5634,2.6724,130,0.3,28,2.7
dish_1561663580,331.506,230.065,12.7894,23.1189,35.0042,432.063,307,9.84414,31.345,51.4323,144.093,5.55905,10.0489,15.215,140.737,3.20656,10.2101,16.7532
dish_1565898402,375.3,262.184,21.8605,12.9913,34.1928,384.799,229,19.5441,9.46281,39.4244,143.144,8.33785,4.95503,13.0416,168.035,8.53454,4.13223,17.2159
dish_1566328724,239.452,139.493,8.50574,0.0669211,40.357,275.55,167,6.012,0,51.77,171.659,6.09763,0.0479747,28.9312,165,3.6,0,31
dish_1566838351,153.801,346.313,0.987594,38.3035,1.97319,190.01,417,0.822,48.034,2.49,44.4111,0.285174,11.0604,0.569772,45.5659,0.197122,11.5189,0.597122
dish_1567107839,176.002,134.22,14.7335,5.56946,18.9231,174.284,156,16.4693,11.9807,18.763,131.129,10.9772,4.1495,14.0986,111.721,10.5573,7.67994,12.0276
dish_1558639787,24.6764,97.3267,0.302777,4.93589,1.74332,24.75,99,0.297,4.95,1.782,25.3542,0.311094,5.07146,1.79121,25,0.3,5,1.8
dish_1562788601,459.885,315.136,21.2936,35.0838,36.7716,413.17,287,19.1392,48.7664,23.1469,145.932,6.75696,11.1329,11.6685,143.962,6.66869,16.9918,8.06511
dish_1560456326,184.794,129.563,7.86714,5.60833,21.9223,206.873,138,7.52219,3.79161,29.7421,142.628,6.07206,4.32865,16.9202,149.908,5.45086,2.74755,21.5522
dish_1564427430,395.896,208.928,28.4238,3.99939,32.3036,345.62,170,23.86,2.34,30.79,189.489,13.6046,1.91424,15.4616,203.306,14.0353,1.37647,18.1118
dish_1565896662,75.8718,83.2749,5.37767,7.39868,1.57671,19.38,57,0.2565,3.6195,1.4535,91.1101,6.45773,8.88465,1.89338,34,0.45,6.35,2.55
dish_1566414342,656.684,524.914,28.3644,35.6019,79.363,846.367,552,31.5787,53.3433,83.5779,125.103,5.40363,6.78242,15.1192,153.327,5.72078,9.66364,15.1409
dish_1562617703,132.284,85.8386,4.5465,17.5401,4.4838,179.63,110,6.49,26.95,4.51,154.108,5.29657,20.4339,5.22352,163.3,5.9,24.5,4.1
dish_1565020926,395.552,466.776,12.6847,47.3559,25.9312,398.496,489,10.3793,56.516,21.4723,84.7414,2.7175,10.1453,5.55538,81.4921,2.12255,11.5575,4.39107
dish_1564689168,353.129,342.168,21.6885,29.211,16.5288,352.947,339,27.5416,17.7268,15.0812,103.203,6.33857,8.53703,4.83061,104.114,8.12435,5.22915,4.44873
dish_1560456348,180.047,143.309,7.57671,6.09488,21.3733,210.283,149,7.53319,4.56161,29.9401,125.636,5.28697,4.25296,14.9141,141.129,5.05583,3.06149,20.094
dish_1558641287,17.2605,92.7031,0.193531,3.6335,0.816194,11.52,64,0.128,2.496,0.576,18.6191,0.208764,3.9195,0.880439,18,0.2,3.9,0.9
dish_1558373008,236.034,69.6125,18.8775,3.07917,12.9436,251.558,73,19.929,3.066,14.089,339.069,27.118,4.4233,18.5938,344.6,27.3,4.2,19.3
dish_1561577947,546.579,397.486,23.1292,22.004,57.4391,623.204,424,33.7829,12.8826,67.2026,137.509,5.81888,5.53579,14.4506,146.982,7.96768,3.03835,15.8497
dish_1558639440,69.1843,134.857,0.306692,18.6267,0.41138,60.32,116,0.232,16.24,0.348,51.3018,0.227419,13.8122,0.305048,52,0.2,14,0.3
dish_1565894889,165.424,71.7617,6.62459,19.9918,6.8038,257.813,74,11.168,33.295,6.641,230.518,9.23137,27.8586,9.48111,348.396,15.0919,44.9932,8.97432
dish_1561147944,44.2667,43.9925,4.11089,1.96296,0.67179,42.371,34,3.64301,2.25893,0.820393,100.623,9.34453,4.46203,1.52706,124.621,10.7147,6.64393,2.41292
dish_1557937079,96.0229,18.4375,7.48204,0.164311,6.74269,146.07,27,11.34,0.378,9.99,520.803,40.5806,0.89118,36.5705,541,42,1.4,37
dish_1558641320,206.225,383.246,2.19643,49.7738,3.95319,211.59,336,3.092,49.056,4.52,53.8101,0.573113,12.9874,1.0315,62.9732,0.920238,14.6,1.34524
dish_1567007848,116.459,248.55,0.931133,27.9583,1.61867,100.3,243,0.58,24.836,1.655,46.8553,0.374626,11.2485,0.651244,41.2757,0.238683,10.2206,0.68107
dish_1565810969,20.0505,79.627,0.375636,3.03303,2.31587,4.6,20,0.08,0.72,0.58,25.1806,0.471745,3.80905,2.9084,23,0.4,3.6,2.9
dish_1562168800,179.363,227.396,4.94144,31.8864,3.1608,237.525,242,9.34268,36.3149,3.826,78.8771,2.17305,14.0224,1.39,98.1508,3.86061,15.0062,1.58099
dish_1564687046,393.993,315.001,25.3192,18.4995,33.9199,374.794,308,29.0702,20.4583,33.6856,125.077,8.03783,5.87283,10.7682,121.686,9.43836,6.64232,10.9369
dish_1563221054,376.787,234.245,23.3453,9.60822,32.5316,298.878,170,17.8911,6.50988,26.9013,160.852,9.96619,4.10178,13.8878,175.81,10.5242,3.82934,15.8243
dish_1565898361,387.327,216.951,23.6312,9.81575,36.0535,370.671,202,18.8428,7.62006,38.9505,178.532,10.8924,4.52441,16.6183,183.501,9.32811,3.77231,19.2824
dish_1560367926,396.551,180.158,18.4723,36.1509,25.9692,408.523,194,20.9659,44.9849,24.1559,220.114,10.2534,20.0663,14.4147,210.579,10.8072,23.1881,12.4515
dish_1560444869,9.78287,28.4945,0.0500588,2.18834,0.167126,14.04,39,0.039,3.51,0.195,34.3324,0.175679,7.67987,0.586519,36,0.1,9,0.5
dish_1559850283,281.037,50.9668,24.3329,11.1655,10.7796,271.707,47,23.265,10.669,10.528,551.411,47.7426,21.9075,21.1503,578.1,49.5,22.7,22.4
dish_1566502505,351.534,265.783,15.0873,29.4654,26.7181,454.517,275,22.4597,33.1468,31.8749,132.264,5.67657,11.0863,10.0526,165.279,8.16716,12.0534,11.5909
dish_1565811091,337.951,371.817,13.154,18.628,36.7969,504.4,371,17.632,9.06,74.731,90.8918,3.53777,5.01001,9.89652,135.957,4.75256,2.44205,20.1431
dish_1561739265,279.743,311.922,6.55586,44.732,9.47824,292.04,308,9.989,41.127,10.689,89.6838,2.10177,14.3408,3.03866,94.8182,3.24318,13.3529,3.47045
dish_1558373159,948.237,327.657,73.1497,35.1725,51.8695,1013.34,334,79.118,30.505,60.625,289.399,22.325,10.7345,15.8304,303.394,23.688,9.13323,18.1512
dish_1565035830,311.486,449.689,8.17107,13.6017,45.3862,340.128,414,6.475,14.785,54.718,69.2669,1.81705,3.02469,10.0928,82.1565,1.56401,3.57126,13.2169
dish_1562788568,287.42,235.779,12.2135,32.6603,19.2486,289.203,230,11.7352,46.9172,11.4304,121.902,5.18006,13.8521,8.16384,125.741,5.10225,20.3988,4.96974
dish_1558376483,769.619,272.654,58.8514,33.8032,35.1895,735.03,270,55.444,32.24,33.301,282.269,21.5846,12.3978,12.9063,272.233,20.5348,11.9407,12.3337
dish_1561739160,37.5974,64.228,0.379788,8.45099,0.416549,34.77,61,0.183,8.54,0.427,58.5374,0.591312,13.1578,0.648547,57,0.3,14,0.7
dish_1558549773,3.04063,11.9535,0.0454676,0.52232,0.325811,2.3,10,0.04,0.36,0.29,25.437,0.380369,4.36958,2.72564,23,0.4,3.6,2.9
dish_1561574394,60.3224,83.1065,4.67561,3.63522,2.20267,61.5024,82,4.80367,3.43842,2.36795,72.5845,5.62604,4.37417,2.65042,75.0029,5.85813,4.19319,2.88775
dish_1558461760,11.2002,60.9057,0.123249,2.33517,0.552054,10.98,61,0.122,2.379,0.549,18.3894,0.20236,3.83408,0.906408,18,0.2,3.9,0.9
dish_1563909469,46.42,46.1168,4.20856,1.79891,0.908328,72.4028,64,6.90635,2.24837,1.36492,100.657,9.12588,3.90078,1.96963,113.129,10.7912,3.51307,2.13268
dish_1558376938,48.95,72.5005,0.151113,12.6886,0.488253,51.06,74,0.148,13.32,0.518,67.5168,0.208431,17.5015,0.673449,69,0.2,18,0.7
dish_1565986733,358.668,269.483,33.941,11.197,37.2561,387.929,287,35.6928,9.92611,42.9748,133.095,12.5948,4.155,13.825,135.167,12.4365,3.45858,14.9738
dish_1558639555,178.523,347.097,1.71028,43.7115,2.95611,156.049,320,1.278,38.18,2.725,51.4331,0.492737,12.5935,0.851666,48.7653,0.399375,11.9313,0.851562
dish_1558546558,235.541,42.5,20.353,9.26213,9.11248,254.364,44,21.78,9.988,9.856,554.213,47.8894,21.7932,21.4411,578.1,49.5,22.7,22.4
dish_1563984242,349.007,685.461,3.06239,35.0178,40.7466,402.117,753,3.30239,36.8196,49.4078,50.9157,0.446763,5.10864,5.9444,53.402,0.438564,4.88972,6.56146
dish_1559849097,421.221,308.517,22.7279,50.5966,12.1225,495.928,325,29.044,55.626,14.261,136.531,7.36681,16.3999,3.92928,152.593,8.93662,17.1157,4.388
dish_1563566965,339.44,328.989,21.658,27.3133,15.9971,370.827,286,12.0885,56.2438,13.121,103.177,6.5832,8.30217,4.86249,129.66,4.22675,19.6657,4.58777
dish_1566849895,75.9123,133.73,3.57855,12.212,1.04494,112.31,153,7.341,12.821,1.31,56.7653,2.67595,9.13181,0.781383,73.4052,4.79804,8.37974,0.856209
dish_1559157919,35.1646,46.5428,2.71371,2.53688,1.35701,37.0946,39,3.32846,1.52336,0.990958,75.5532,5.83056,5.45063,2.91562,95.1143,8.53452,3.90606,2.54092
dish_1558113477,246.649,44.1616,21.2613,9.72701,9.59461,289.05,50,24.75,11.35,11.2,558.514,48.1444,22.026,21.7261,578.1,49.5,22.7,22.4
dish_1559238993,54.9738,102.13,0.296362,13.6195,0.681354,61.56,108,0.324,15.12,0.756,53.8274,0.290182,13.3355,0.667145,57,0.3,14,0.7
dish_1562788506,103.711,103.366,2.46468,20.7888,2.88305,114.588,108,2.592,23.76,3.348,100.334,2.38441,20.1118,2.78916,106.1,2.4,22,3.1
dish_1562774129,99.8073,103.779,6.57473,10.1649,1.66487,73.0835,77,2.8981,11.3361,1.539,96.1733,6.33535,9.79483,1.60426,94.9137,3.76376,14.7222,1.9987
dish_1559578551,109.326,20.9964,8.4923,0.194184,7.75133,124.43,23,9.66,0.322,8.51,520.689,40.4465,0.924842,36.9174,541,42,1.4,37
dish_1562788536,202.93,181.199,6.30504,33.5001,7.40145,245.132,190,6.61,44.752,5.398,111.993,3.47963,18.488,4.08471,129.017,3.47895,23.5537,2.84105
dish_1559233756,152.101,174.277,4.52697,22.8314,5.26163,189.85,222,5.242,30.418,6.142,87.2759,2.59758,13.1007,3.01912,85.518,2.36126,13.7018,2.76667
dish_1564428181,514.235,323.427,29.0797,13.4959,46.2377,510.051,320,32.3234,20.955,34.3055,158.996,8.99111,4.17279,14.2962,159.391,10.1011,6.54845,10.7205
dish_1565118729,459.759,238.661,27.3435,8.82422,42.6,435.493,248,24.2651,9.01755,41.903,192.641,11.457,3.69738,17.8495,175.602,9.78432,3.63611,16.8964
dish_1566414291,305.371,268.633,14.8516,27.8303,18.6076,345.142,244,14.7944,46.0217,7.03522,113.676,5.52857,10.36,6.92676,141.452,6.06328,18.8614,2.88329
dish_1561661347,58.1111,130.04,2.13439,7.72395,3.51402,50.67,132,1.632,7.215,3.426,44.6871,1.64133,5.93967,2.70226,38.3864,1.23636,5.46591,2.59545
dish_1563218408,284.136,112.602,12.1885,30.4227,12.3096,245.34,87,10.44,27.84,10.44,252.336,10.8244,27.018,10.932,282,12,32,12
dish_1561661377,239.335,273.706,13.121,13.9191,28.4662,306.334,294,8.97279,11.8548,43.7352,87.4425,4.79383,5.08541,10.4003,104.195,3.05197,4.03226,14.8759
dish_1558639876,74.9193,239.019,0.614355,17.5519,2.49778,68.18,215,0.529,15.37,2.767,31.3445,0.257032,7.34334,1.04501,31.7116,0.246047,7.14884,1.28698
dish_1566849862,73.2875,69.6178,6.68321,4.72963,0.559006,77.05,67,7.169,4.221,0.536,105.271,9.59985,6.79371,0.802964,115,10.7,6.3,0.8
dish_1566502573,589.605,453.765,22.8397,63.6576,42.9149,821.51,487,43.2062,60.7182,51.1893,129.936,5.03338,14.0287,9.45751,168.688,8.87192,12.4678,10.5111
dish_1562009810,121.768,96.5738,1.52935,23.0044,2.809,119.88,108,0.972,24.84,2.808,126.088,1.58361,23.8206,2.90865,111,0.9,23,2.6
dish_1564675411,243.513,318.766,7.67982,4.45057,34.1219,235.531,308,7.033,2.708,35.193,76.3924,2.40924,1.39619,10.7044,76.4711,2.28344,0.879221,11.4263
dish_1560203424,425.19,145.33,22.4309,38.5491,17.5615,451.754,138,22.272,50.212,14.588,292.569,15.4345,26.5253,12.0839,327.358,16.1391,36.3855,10.571
dish_1562790824,460.481,329.523,39.0087,14.0078,41.3609,437.072,368,49.8295,19.2739,49.8599,139.742,11.8379,4.25094,12.5517,118.769,13.5406,5.23747,13.5489
dish_1558030289,36.593,103.039,0.117947,9.09636,0.497773,38.52,107,0.107,9.63,0.535,35.5136,0.114468,8.82805,0.48309,36,0.1,9,0.5
dish_1560444985,143.493,258.945,5.35794,18.3335,6.14897,198.938,264,10.0954,24.0756,5.12749,55.4147,2.06914,7.08011,2.37463,75.3552,3.82403,9.11955,1.94223
dish_1563984140,190.062,379.123,0.555121,2.21475,38.2859,245.44,472,0.944,3.304,47.2,50.1322,0.146422,0.584177,10.0986,52,0.2,0.7,10
dish_1561662160,66.9209,62.8774,4.27906,6.01617,2.28696,41.8383,36,3.37508,2.75282,0.63016,106.431,6.8054,9.5681,3.63718,116.218,9.37522,7.64671,1.75044
dish_1558641164,75.0338,145.166,0.325972,20.2915,0.422943,80.08,154,0.308,21.56,0.462,51.6881,0.22455,13.9781,0.29135,52,0.2,14,0.3
dish_1558110335,19.8648,3.85488,1.56426,0.0645501,1.32119,37.87,7,2.94,0.098,2.59,515.315,40.5786,1.6745,34.2731,541,42,1.4,37
dish_1565811061,277.136,353.888,10.4585,15.69,31.7458,380.32,324,7.762,9.06,65.801,78.3116,2.95531,4.4336,8.97057,117.383,2.39568,2.7963,20.309
dish_1559844490,101.97,186.012,0.565185,25.6138,1.32128,108.36,180,0.459,27.45,1.359,54.8192,0.303844,13.77,0.71032,60.2,0.255,15.25,0.755
dish_1562786103,197.909,137.072,6.28582,28.5399,5.91798,93.081,57,3.363,13.965,2.337,144.383,4.58577,20.8211,4.31741,163.3,5.9,24.5,4.1
dish_1563897087,151.077,193.297,6.9044,9.52826,14.4468,102.44,231,0.67,8.169,15.196,78.158,3.57191,4.92933,7.47386,44.3463,0.290043,3.53636,6.57836
dish_1566590007,862.143,493.43,41.4362,45.8504,85.2528,740.762,457,29.2331,57.951,61.7982,174.725,8.3976,9.29219,17.2776,162.092,6.39674,12.6807,13.5226
dish_1560975517,43.2591,110.505,1.48755,5.70556,3.20618,42.39,99,1.858,4.608,3.064,39.1468,1.34614,5.16318,2.9014,42.8182,1.87677,4.65455,3.09495
dish_1557936645,13.1877,33.0674,0.120663,2.98048,0.269139,11.88,36,0.108,2.88,0.252,39.8814,0.364899,9.01335,0.813912,33,0.3,8,0.7
dish_1565020796,155.217,113.814,8.81304,0.815019,16.1418,90.6,99,3.542,0.749,12.06,136.377,7.74335,0.716095,14.1826,91.5151,3.57778,0.756566,12.1818
dish_1559578579,136.939,80.7367,9.08146,5.42585,8.47815,142.58,78,9.825,4.722,8.895,169.612,11.2482,6.72042,10.501,182.795,12.5962,6.05385,11.4038
dish_1557862783,495.802,318.611,25.1751,8.89816,55.1051,442.98,258,24.919,3.85,50.416,155.613,7.90149,2.79279,17.2954,171.698,9.65853,1.49225,19.5411
dish_1560975601,307.413,325.37,16.4541,18.2418,31.8071,233.936,253,8.42107,17.9459,22.7947,94.4812,5.05705,5.60648,9.77569,92.4647,3.32849,7.09325,9.00976
dish_1560367952,217.691,184.841,14.7383,13.0964,12.5177,414.733,221,21.0739,45.9569,24.9389,117.772,7.97353,7.08527,6.77217,187.662,9.53571,20.795,11.2846
dish_1563565454,262.586,255.596,13.5737,20.3509,20.8583,350.789,322,22.6869,26.5777,22.2346,102.735,5.31061,7.96215,8.16067,108.941,7.04562,8.25394,6.90516
dish_1562703408,348.648,200.018,16.4721,30.6717,20.8943,311.209,196,12.0492,32.8336,17.4077,174.308,8.23531,15.3344,10.4462,158.78,6.14755,16.7518,8.8815
dish_1564689138,262.766,212.65,15.6684,25.0316,8.2943,268.267,223,21.9736,15.5228,5.80121,123.567,7.36813,11.7713,3.90044,120.299,9.85361,6.96091,2.60144
dish_1563221086,405.289,307.689,23.3415,15.0417,33.7353,328.278,254,18.2271,12.3899,28.9173,131.72,7.58608,4.88862,10.9641,129.243,7.17602,4.87791,11.3848
dish_1567007814,75.5298,150.982,0.516913,18.0422,1.07066,73,152,0.398,17.92,1.109,50.0257,0.342367,11.9499,0.709132,48.0263,0.261842,11.7895,0.729605
dish_1565896701,330.934,177.618,20.9892,10.9302,24.7824,294.473,184,18.1844,8.32206,25.7472,186.318,11.8171,6.15378,13.9526,160.04,9.88282,4.52286,13.993
dish_1557937615,7.86372,22.249,0.0778179,1.68203,0.221929,6.93,21,0.063,1.68,0.147,35.3441,0.349759,7.56,0.997478,33,0.3,8,0.7
dish_1564427455,347.003,263.607,23.8495,8.46301,27.0496,354.26,218,23.956,4.212,31.222,131.636,9.04735,3.21046,10.2613,162.505,10.989,1.93211,14.322
dish_1564588859,183.137,253.715,2.80645,14.3619,22.4835,183.586,257,4.75445,9.57116,23.4361,72.1819,1.10614,5.66065,8.8617,71.4344,1.84998,3.72419,9.1191
dish_1561577848,326.422,221.023,13.9663,6.81468,43.7631,413.348,254,13.8416,6.03791,63.1229,147.686,6.31892,3.08324,19.8002,162.735,5.44944,2.37713,24.8515
dish_1563389600,336.133,264.137,21.7672,4.79423,31.4635,451.428,264,29.046,2.924,44.474,127.257,8.24086,1.81505,11.9118,170.995,11.0023,1.10758,16.8462
dish_1566316726,314.847,554.958,3.74384,20.1101,43.2756,409.523,685,4.10161,25.3654,57.4902,56.7335,0.674617,3.62372,7.79798,59.7844,0.598775,3.70298,8.39274
dish_1562776465,123.745,182.967,2.15855,23.585,4.03886,173.432,212,4.40542,31.4916,3.63413,67.6325,1.17975,12.8903,2.20743,81.8078,2.07803,14.8545,1.71421
dish_1568401261,369.651,396.495,8.16498,19.7391,51.4517,530.393,443,26.3507,34.583,39.132,93.2296,2.05929,4.9784,12.9766,119.728,5.94824,7.80654,8.8334
dish_1559841950,14.4837,38.5577,0.186485,2.72722,0.924843,11.2,32,0.128,2.24,0.768,37.5638,0.483653,7.07308,2.3986,35,0.4,7,2.4
dish_1558375667,446.121,80.5331,38.292,17.4857,17.3817,687.939,119,58.905,27.013,26.656,553.96,47.5482,21.7125,21.5833,578.1,49.5,22.7,22.4
dish_1566328805,867.362,517.726,33.3173,75.9751,63.077,927.81,488,28.737,85.054,77.984,167.533,6.43531,14.6748,12.1835,190.125,5.88873,17.4291,15.9803
dish_1558114145,58.5849,86.2018,0.187752,15.1464,0.587444,57.27,83,0.166,14.94,0.581,67.9624,0.217805,17.5709,0.681475,69,0.2,18,0.7
dish_1562700593,435.879,396.949,27.5505,21.7479,37.0816,385.774,384,29.8068,18.612,37.0463,109.807,6.94055,5.47876,9.34166,100.462,7.76219,4.84687,9.64748
dish_1557937574,13.6108,17.3877,0.538662,2.0612,0.254271,5.59,13,0.065,1.196,0.182,78.2782,3.09794,11.8544,1.46236,43,0.5,9.2,1.4
dish_1561661324,34.2596,80.0285,1.38015,3.95106,2.54249,33,75,1.575,3.225,2.4,42.8092,1.72457,4.93707,3.17698,44,2.1,4.3,3.2
dish_1564588820,61.7918,143.175,0.209727,1.52684,11.9347,81.12,156,0.312,1.092,15.6,43.1581,0.146483,1.06641,8.33573,52,0.2,0.7,10
dish_1566414225,103.249,123.316,3.94415,7.58385,13.597,125.182,88,4.18641,17.9417,3.75922,83.7275,3.19842,6.14996,11.0262,142.252,4.75728,20.3883,4.27184
dish_1568305257,702.488,382.989,53.7922,7.73475,43.4881,837.148,420,65.4969,9.31325,52.073,183.423,14.0454,2.01958,11.3549,199.321,15.5945,2.21744,12.3983
dish_1564773826,13.558,60.3338,0.291188,2.59174,0.492584,10.08,56,0.112,2.184,0.504,22.4716,0.482628,4.29567,0.81643,18,0.2,3.9,0.9
dish_1562700496,32.4582,127.815,0.432452,6.52307,2.23608,31,124,0.372,6.2,2.232,25.3947,0.338342,5.10353,1.74946,25,0.3,5,1.8
dish_1566850099,96.2472,90.9568,8.28481,5.40913,1.82571,113.058,112,10.6873,4.14074,1.52555,105.816,9.10852,5.94693,2.00723,100.945,9.54227,3.69708,1.3621
dish_1560975628,403.77,340.959,16.6848,34.2062,32.9999,348.273,296,12.4631,32.3509,27.6107,118.422,4.89348,10.0323,9.67856,117.66,4.2105,10.9294,9.32794
dish_1558461431,2.26543,9.22558,0.0382803,0.366811,0.262801,1.15,5,0.02,0.18,0.145,24.556,0.414937,3.97602,2.84862,23,0.4,3.6,2.9
dish_1558635618,244.792,354.016,3.35636,55.7012,5.67342,220.254,334,2.439,49.7,5.606,69.1472,0.948081,15.7341,1.60259,65.9443,0.73024,14.8802,1.67844
dish_1561148021,309.93,210.259,16.004,21.281,20.411,361.765,216,19.9488,23.6116,22.2041,147.404,7.61154,10.1213,9.70753,167.484,9.23555,10.9313,10.2797
dish_1566328745,268.361,223.311,8.37164,1.22015,45.5912,282.03,203,6.084,1.404,52.094,120.174,3.74887,0.54639,20.416,138.931,2.99704,0.691626,25.6621
dish_1558373074,80.4237,150.466,0.245181,2.97401,17.0378,73.84,142,0.284,0.426,19.88,53.4496,0.162947,1.97653,11.3233,52,0.2,0.3,14
dish_1561662869,257.442,184.745,9.26693,10.9271,34.5554,284.346,192,9.2427,10.2828,38.791,139.35,5.01607,5.91469,18.7044,148.097,4.81391,5.35561,20.2037
dish_1558544663,129.433,164.863,4.042,17.0996,8.36457,141.44,208,2.912,24.96,4.992,78.5095,2.45173,10.372,5.07365,68,1.4,12,2.4
dish_1564588919,347.525,433.375,7.69871,43.1951,24.8957,335.944,452,7.60681,41.0018,25.0932,80.1905,1.77646,9.96716,5.74462,74.3239,1.68292,9.07119,5.5516
dish_1563909580,450.664,303.432,15.4679,60.4836,15.55,544.312,361,20.1222,74.1441,18.4818,148.522,5.09764,19.9332,5.12472,150.779,5.57401,20.5385,5.1196
dish_1565894858,51.7701,32.8113,2.26055,7.14353,1.54215,132.84,27,6.75,17.55,1.377,157.782,6.88955,21.7716,4.70006,492,25,65,5.1
dish_1564689078,53.8224,44.9307,4.85282,2.35701,0.901087,72.3608,55,6.58469,2.95896,1.45029,119.79,10.8007,5.24588,2.0055,131.565,11.9722,5.37993,2.63689
dish_1566414412,579.405,508.502,32.4902,31.3841,58.4133,920.12,658,37.8124,57.0623,85.3348,113.943,6.38939,6.17188,11.4873,139.836,5.74656,8.67209,12.9688
dish_1566502537,406.811,310.138,17.6968,31.316,32.6807,517.644,315,24.2722,34.2924,41.8278,131.171,5.70609,10.0974,10.5375,164.331,7.70547,10.8865,13.2787
dish_1558718587,14.8173,59.4208,0.17932,3.02898,1.052,10.25,41,0.123,2.05,0.738,24.9362,0.301779,5.0975,1.77042,25,0.3,5,1.8
dish_1563551164,301.702,264.605,8.25191,39.6293,15.558,339.756,270,8.32785,46.7571,17.7567,114.02,3.11858,14.9768,5.87971,125.836,3.08439,17.3175,6.57657
dish_1558720236,715.621,417.511,51.6621,56.2496,26.1138,887.823,407,66.44,60.461,31.913,171.402,12.3738,13.4726,6.25464,218.138,16.3243,14.8553,7.84103
dish_1562776497,277.121,262.963,14.9791,21.3757,14.0844,291.832,292,13.2054,32.7716,11.6341,105.384,5.69626,8.12877,5.35604,99.9426,4.5224,11.2231,3.98429
dish_1563565289,73.1855,75.6751,1.89531,14.0633,2.1886,93.368,88,2.112,19.36,2.728,96.7102,2.50454,18.5838,2.8921,106.1,2.4,22,3.1
dish_1559849412,302.865,55.1307,26.1841,11.9866,11.7961,352.641,61,30.195,13.847,13.664,549.357,47.4945,21.7422,21.3966,578.1,49.5,22.7,22.4
dish_1559934477,19.2001,45.4657,0.80895,1.97048,1.36077,25.08,57,1.197,2.451,1.824,42.2298,1.77925,4.33399,2.99296,44,2.1,4.3,3.2
dish_1557936599,20.65,58.4018,0.216722,4.21033,1.44915,22.05,63,0.252,4.41,1.512,35.3586,0.371087,7.20924,2.48134,35,0.4,7,2.4
dish_1563565354,253.484,193.202,15.0842,15.5061,24.0719,272.315,193,15.7771,23.0455,20.0397,131.202,7.80748,8.02586,12.4594,141.096,8.17465,11.9407,10.3833
dish_1561405411,324.564,251.686,18.0784,26.6466,21.7116,332.063,282,8.51106,25.6754,37.2279,128.956,7.18293,10.5872,8.62645,117.753,3.01811,9.10477,13.2014
dish_1566502472,123.968,122.713,5.61422,17.5369,2.90784,132.919,119,7.73538,15.9246,3.41666,101.022,4.57508,14.291,2.36962,111.697,6.50032,13.382,2.87115
dish_1566838317,101.355,260.434,0.468678,26.1082,1.3513,114.2,284,0.423,29.414,1.559,38.9179,0.179961,10.0249,0.518864,40.2113,0.148944,10.357,0.548944
dish_1565123881,355.352,377.205,15.2741,30.3724,24.1357,406.822,515,19.3555,31.0019,30.0632,94.2066,4.04928,8.05195,6.39856,78.9945,3.75836,6.01979,5.83751
dish_1563551134,284.587,180.899,7.29136,34.8015,16.4978,246.92,173,5.962,29.723,16.8104,157.318,4.03062,19.238,9.11987,142.728,3.44624,17.1809,9.71699
dish_1558718906,452.346,303.342,28.3911,45.3261,15.1409,282.58,247,14.228,36.891,9.815,149.121,9.35945,14.9423,4.99138,114.405,5.76032,14.9356,3.97368
dish_1562963289,297.107,163.592,10.839,35.9638,13.4576,349.918,180,12.686,43.364,15.52,181.614,6.62566,21.9838,8.22632,194.399,7.04778,24.0911,8.62222
dish_1562790775,82.3198,64.2467,7.86436,2.72559,1.09951,75.6863,40,7.80315,1.51952,0.394182,128.131,12.2409,4.24238,1.71139,189.216,19.5079,3.79879,0.985455
dish_1560801041,334.271,297.675,13.2526,22.9939,28.8338,432.244,292,10.6634,63.2459,25.6701,112.294,4.45205,7.7245,9.68631,148.029,3.65186,21.6596,8.79114
dish_1565123816,248.608,109.63,11.5555,15.9217,18.7591,250.917,110,12.352,13.9509,19.2417,226.77,10.5404,14.5231,17.1112,228.106,11.2291,12.6826,17.4924
dish_1558031351,13.4593,43.2034,0.061627,3.32202,0.279257,12.3,41,0.041,3.116,0.246,31.1533,0.142644,7.68926,0.646379,30,0.1,7.6,0.6
dish_1559841979,37.2224,84.5135,0.276928,8.4306,1.18876,39.29,85,0.287,9.13,1.192,44.0431,0.327673,9.97544,1.40659,46.2235,0.337647,10.7412,1.40235
dish_1560203400,318.099,108.708,15.572,31.575,12.6642,293.28,104,12.48,33.28,12.48,292.619,14.3246,29.0458,11.6498,282,12,32,12
dish_1563294987,87.1205,17.4004,6.80587,0.223341,6.04077,97.38,18,7.56,0.252,6.66,500.682,39.1134,1.28354,34.7163,541,42,1.4,37
dish_1563208412,81.7587,51.7159,5.31492,1.58483,6.85489,62.4,39,3.9,1.17,5.46,158.092,10.2772,3.06449,13.2549,160,10,3,14
dish_1557862696,53.0151,60.8727,0.198133,11.3972,1.1925,19.25,77,0.231,3.85,1.386,87.0918,0.325487,18.723,1.95901,25,0.3,5,1.8
dish_1561739212,181.003,256.476,2.87257,26.2982,11.2941,134.01,214,0.325,23.797,8.347,70.5729,1.12002,10.2537,4.40356,62.6215,0.151869,11.1201,3.90047
dish_1564675380,49.4035,10.5905,3.81596,0.211225,3.48362,87.331,23,6.463,0.713,6.693,466.488,36.0319,1.99448,32.8938,379.7,28.1,3.1,29.1
dish_1564773903,190.778,299.142,9.69024,22.4666,14.5284,316.828,336,16.0868,25.0912,19.5803,63.775,3.23934,7.51035,4.85671,94.2939,4.78773,7.46762,5.82748
dish_1558376768,77.8591,150.41,0.252053,0.5606,20.7379,74.36,143,0.286,0.429,20.02,51.7647,0.167577,0.372715,13.7876,52,0.2,0.3,14
dish_1563897047,183.892,149.066,8.00356,7.01075,19.9226,66.04,127,0.254,0.889,12.7,123.363,5.36913,4.70311,13.365,52,0.2,0.7,10
dish_1562172561,149.544,291.653,0.679761,1.77732,28.5378,150.8,290,0.58,2.03,29,51.2745,0.233072,0.609393,9.78485,52,0.2,0.7,10
dish_1563551194,402.407,373.001,12.9187,47.646,25.7989,471.644,400,14.0459,57.6709,27.8428,107.884,3.46344,12.7737,6.91658,117.911,3.51146,14.4177,6.9607
dish_1558113430,9.46317,25.4725,0.219445,1.35485,0.645041,7.84,28,0.112,1.484,0.616,37.1505,0.861497,5.31886,2.5323,28,0.4,5.3,2.2
dish_1565035774,66.4654,214.044,1.79718,11.2917,3.08576,57.5,185,0.441,12.25,3.129,31.0522,0.839629,5.2754,1.44165,31.0811,0.238378,6.62162,1.69135
dish_1563551105,175.587,68.0717,5.3547,26.4817,5.76608,194.4,72,5.76,29.016,6.7104,257.944,7.86626,38.9027,8.4706,270,8,40.3,9.32
dish_1566850142,438.304,281.494,26.5199,12.1132,39.1934,464.951,284,31.7532,9.05255,35.2261,155.707,9.42114,4.30319,13.9234,163.715,11.1807,3.18752,12.4035
dish_1561574368,19.695,41.8276,0.949192,1.78996,1.39794,22,50,1.05,2.15,1.6,47.0862,2.2693,4.27939,3.34214,44,2.1,4.3,3.2
dish_1562085672,192.61,83.9336,7.00758,23.6954,8.05348,122.084,46,1.932,19.458,6.21,229.479,8.34895,28.2311,9.59505,265.4,4.2,42.3,13.5
dish_1560526472,119.623,112.642,9.06454,9.04714,2.45164,113.673,114,8.28813,9.57125,2.05802,106.198,8.04722,8.03177,2.1765,99.713,7.27029,8.39583,1.80528
dish_1566328776,852.856,446.268,35.2016,68.637,62.9119,901.81,436,28.685,78.294,77.724,191.109,7.88799,15.3802,14.0973,206.837,6.57913,17.9573,17.8266
dish_1560368019,500.655,356.962,26.2744,46.3938,31.0341,436.966,301,21.6599,49.9625,26.1257,140.254,7.36056,12.9968,8.69394,145.171,7.19597,16.5989,8.67963
dish_1561393764,285.663,176.435,20.7552,5.89717,19.1884,280.8,182,20.096,5.524,19.066,161.909,11.7637,3.3424,10.8756,154.286,11.0418,3.03517,10.4758
dish_1558641200,18.9793,44.6822,0.115657,4.52629,0.414104,3.28,8,0.016,0.8,0.072,42.4762,0.258843,10.13,0.926776,41,0.2,10,0.9
dish_1558639412,28.8963,82.5206,0.189284,6.63844,0.63179,32.98,97,0.194,7.76,0.776,35.0171,0.229377,8.04459,0.765615,34,0.2,8,0.8
dish_1565123783,100.988,38.5043,3.62995,12.4413,4.22916,93.065,35,3.29,11.725,3.92,262.276,9.42737,32.3113,10.9836,265.9,9.4,33.5,11.2
dish_1559157777,3.00127,12.1476,0.0457001,0.451434,0.379338,2.53,11,0.044,0.396,0.319,24.7067,0.376208,3.71625,3.12275,23,0.4,3.6,2.9
dish_1567785739,175.867,198.717,8.95261,22.7645,2.85702,168.576,177,9.34853,21.4643,1.38238,88.5013,4.5052,11.4557,1.43773,95.2409,5.28165,12.1267,0.781005
dish_1564588889,274.055,384.804,4.79037,26.5692,28.0691,234.494,346,5.02145,22.3872,24.0591,71.2196,1.24489,6.90462,7.2944,67.773,1.45129,6.47028,6.9535
dish_1561667207,262.595,133.484,11.3882,15.3248,22.2227,249.445,121,11.4208,13.3582,22.0734,196.724,8.53146,11.4806,16.6482,206.153,9.43866,11.0399,18.2425
dish_1559850314,252.332,92.4211,19.9533,14.5932,9.30715,296.617,100,23.318,17.029,11.005,273.025,21.5896,15.7899,10.0704,296.617,23.318,17.029,11.005
dish_1559233445,17.2838,35.2777,0.0431224,4.4264,0.170631,24.5,49,0.049,6.37,0.245,48.9937,0.122237,12.5473,0.483681,50,0.1,13,0.5
dish_1558030182,63.7353,83.588,0.0858818,14.287,1.59227,67.76,88,0.088,14.96,1.76,76.2493,0.102744,17.0921,1.9049,77,0.1,17,2
dish_1567007719,15.9577,44.5527,0.122811,3.58819,0.323088,14.28,42,0.084,3.36,0.336,35.8177,0.275653,8.05381,0.725183,34,0.2,8,0.8
dish_1567785709,117.157,146.965,6.49673,14.473,1.55232,131.251,138,8.39731,14.6155,1.00189,79.7172,4.42059,9.84787,1.05625,95.1091,6.08501,10.5909,0.726008
dish_1558546434,2.67361,10.3695,0.0542331,0.381733,0.323127,2.53,11,0.044,0.396,0.319,25.7833,0.523004,3.6813,3.11612,23,0.4,3.6,2.9
dish_1560801773,16.4751,58.9713,0.188191,3.14801,1.0018,13.5,54,0.162,2.7,0.972,27.9376,0.319123,5.3382,1.69879,25,0.3,5,1.8
dish_1561662926,306.59,228.302,10.976,12.7082,39.8788,288.336,213,9.2847,11.0598,39.169,134.291,4.80766,5.5664,17.4676,135.369,4.35902,5.19238,18.3892
dish_1565035858,343.098,540.11,8.29381,19.8758,46.6892,375.228,531,6.709,23.677,55.42,63.5238,1.53558,3.67996,8.64439,70.6644,1.26347,4.45895,10.4369
dish_1565030391,382.088,287.318,26.3687,16.8119,25.3716,609.334,313,37.0479,12.059,52.5975,132.984,9.17753,5.85132,8.8305,194.675,11.8364,3.8527,16.8043
dish_1562774099,60.3929,60.9995,5.69693,2.36949,0.801121,51.9935,40,2.7871,6.15613,1.28,99.0056,9.33932,3.88445,1.31332,129.984,6.96774,15.3903,3.2
dish_1560801020,259.1,271.489,8.27057,23.4519,21.264,346.34,250,5.89849,61.691,17.0954,95.4367,3.04637,8.63826,7.83237,138.536,2.3594,24.6764,6.83815
dish_1562690886,22.1603,42.3102,0.757159,3.25805,1.08941,20.6117,37,1.04683,2.52683,0.866341,52.3758,1.78954,7.70039,2.57482,55.7073,2.82927,6.82927,2.34146
dish_1564428144,194.5,145.42,11.376,6.61558,16.4657,205.213,171,14.0745,16.7,5.11141,133.751,7.8229,4.5493,11.3229,120.008,8.23069,9.76611,2.98913
dish_1560456305,23.8033,18.2115,1.9509,1.23511,0.579418,26.3916,21,2.24987,1.34832,0.547266,130.705,10.7125,6.78203,3.1816,125.674,10.7137,6.42059,2.60603
dish_1565117429,332.561,128.326,11.6178,41.604,13.6958,390.873,147,13.818,49.245,16.464,259.153,9.05336,32.4205,10.6727,265.9,9.4,33.5,11.2
dish_1564773876,132.905,191.57,10.4778,8.57215,13.1429,258.328,219,15.9698,9.8812,18.9953,69.3766,5.46943,4.47468,6.86062,117.958,7.29214,4.51196,8.67367
dish_1560526552,433.781,382.327,25.7715,32.762,20.0115,359.241,319,21.7821,28.0192,14.592,113.458,6.7407,8.56912,5.23413,112.615,6.82825,8.78346,4.5743
dish_1560526408,68.41,54.3783,5.7397,2.89422,2.71413,67.0982,51,6.10581,2.74377,1.34482,125.804,10.5551,5.32237,4.99121,131.565,11.9722,5.37994,2.63689
dish_1562963325,650.274,350.529,25.2784,70.5398,34.8869,760.162,379,31.4689,65.3333,51.8225,185.512,7.21149,20.1238,9.95264,200.57,8.30315,17.2383,13.6735
dish_1557937037,18.4971,45.5451,0.109206,4.67683,0.314375,25.97,49,0.343,5.88,0.588,40.6126,0.239775,10.2686,0.69025,53,0.7,12,1.2
dish_1561662216,357.162,244.765,16.5364,24.6478,28.1301,300.794,193,12.3875,28.2183,18.634,145.921,6.75602,10.07,11.4927,155.852,6.41839,14.6209,9.65491
dish_1562008936,43.6116,86.0911,2.35532,3.89846,3.10335,57.64,131,2.751,5.633,4.192,50.6575,2.73585,4.52829,3.60473,44,2.1,4.3,3.2
dish_1565020867,275.066,274.743,9.68109,33.185,14.7324,255.805,325,6.23068,35.7363,13.9011,100.118,3.52369,12.0786,5.36223,78.7092,1.91713,10.9958,4.27725
dish_1558720133,15.6615,62.5938,0.195677,3.17718,1.09612,14.25,57,0.171,2.85,1.026,25.0209,0.312613,5.07587,1.75116,25,0.3,5,1.8
dish_1561739238,281.02,285.645,8.61706,39.0873,10.5579,274.19,257,9.785,37.557,9.465,98.3808,3.0167,13.6839,3.69615,106.689,3.80739,14.6136,3.68288
dish_1565711570,708.693,338.528,48.8667,34.5648,32.6553,603.827,324,41.2555,34.2361,26.6187,209.345,14.435,10.2103,9.64626,186.366,12.7332,10.5667,8.21564
dish_1562774206,368.178,349.927,22.2114,26.981,16.6953,298.764,272,16.5481,26.3121,12.147,105.216,6.34745,7.71045,4.77109,109.84,6.08386,9.67358,4.46581
dish_1561148042,313.017,236.478,15.4846,22.8767,20.9301,370.755,245,19.9778,25.6416,22.7261,132.366,6.54801,9.67392,8.85077,151.329,8.1542,10.4659,9.27597
dish_1560444931,112.354,197.355,3.6362,14.6254,5.17553,112.66,200,3.982,16.46,4.306,56.9299,1.84247,7.41069,2.62245,56.33,1.991,8.23,2.153
dish_1558031302,53.7697,74.5837,0.044495,12.38,1.32022,56.98,74,0.074,12.58,1.48,72.0932,0.0596578,16.5988,1.77012,77,0.1,17,2
dish_1563566939,251.525,253.533,13.8719,25.1557,11.4324,286.027,238,6.80459,48.8692,10.5085,99.208,5.47146,9.92206,4.50925,120.18,2.85907,20.5333,4.41535
dish_1566587102,185.573,116.005,9.42651,5.52555,21.1071,213.599,146,7.50594,8.09058,27.1474,159.97,8.12597,4.7632,18.195,146.301,5.14105,5.5415,18.5941
dish_1561405332,23.8497,59.38,0.604996,3.95635,1.44625,18.55,53,0.212,3.71,1.272,40.1645,1.01885,6.66276,2.43559,35,0.4,7,2.4
dish_1564687013,388.305,228.96,25.661,10.7183,36.9729,330.841,224,26.8883,14.7253,32.2114,169.595,11.2077,4.6813,16.1482,147.697,12.0037,6.57381,14.3801
dish_1563996464,126.572,179.01,9.1629,9.47528,3.87114,100.489,146,7.86764,6.6671,3.0179,70.7066,5.11866,5.29317,2.16253,68.8282,5.3888,4.5665,2.06706
dish_1563998279,511.197,316.272,24.9212,22.0106,47.5123,565.005,296,31.6523,21.4025,47.9605,161.632,7.87968,6.95938,15.0226,190.88,10.6933,7.23059,16.2029
dish_1565020755,62.9793,11.7838,4.92747,0.0820904,4.38278,43.28,8,3.36,0.112,2.96,534.454,41.8154,0.696635,37.1931,541,42,1.4,37
dish_1557937758,122.719,149.062,1.90976,23.2786,3.37841,106.783,128,2.262,18.932,3.53,82.3278,1.28119,15.6168,2.26645,83.4242,1.76719,14.7906,2.75781
dish_1559850338,286.156,132.846,22.04,17.8776,10.7435,307.117,130,23.438,19.129,11.725,215.404,16.5907,13.4574,8.0872,236.244,18.0292,14.7146,9.01923
dish_1563305513,534.358,201.933,18.382,67.0034,22.577,606.252,228,21.432,76.38,25.536,264.622,9.10306,33.1811,11.1805,265.9,9.4,33.5,11.2
dish_1563389548,345.686,177.599,20.0474,0.91751,39.8613,438.828,194,28.906,0.194,43.844,194.645,11.288,0.51662,22.4446,226.2,14.9,0.1,22.6
dish_1565898128,235.102,180.128,11.4867,7.72088,33.1947,209.031,134,8.73466,6.1544,24.2715,130.519,6.37696,4.28633,18.4284,155.993,6.5184,4.59284,18.1131
dish_1558549413,505.23,90.0731,43.5368,19.5346,19.7034,682.158,118,58.41,26.786,26.432,560.911,48.335,21.6875,21.875,578.1,49.5,22.7,22.4
dish_1562703345,152.93,61.4899,5.88937,18.5193,6.39687,154.28,58,5.626,19.14,6.38,248.707,9.57779,30.1176,10.4031,266,9.7,33,11
dish_1565030350,90.0704,71.314,8.17512,4.04631,1.48276,62.5857,62,5.91621,2.29219,0.844501,126.301,11.4636,5.67393,2.0792,100.945,9.54227,3.69708,1.3621
dish_1562774180,205.171,231.28,10.6667,26.5127,3.53782,164.084,181,6.5381,24.8561,3.047,88.7111,4.61203,11.4635,1.52967,90.6539,3.61221,13.7327,1.68343
dish_1559239256,54.966,116.456,0.136998,13.9957,1.02474,60.16,128,0.128,15.36,1.152,47.1992,0.11764,12.0181,0.879937,47,0.1,12,0.9
dish_1563566909,190.518,208.534,8.02978,25.2274,7.91289,222.53,187,0.748,46.75,9.35,91.3605,3.85058,12.0975,3.79453,119,0.4,25,5
dish_1563984199,299.334,618.656,1.41284,20.2296,44.7199,322.68,670,1.278,22.244,48.598,48.3847,0.228373,3.26993,7.22856,48.1612,0.190746,3.32,7.25343
dish_1558722125,406.586,72.6631,35.1227,15.8711,15.8013,497.166,86,42.57,19.522,19.264,559.549,48.3364,21.842,21.746,578.1,49.5,22.7,22.4
dish_1565123845,239.669,185.959,10.6999,18.2325,16.4865,268.662,201,12.7615,17.4999,20.0152,128.882,5.75389,9.80457,8.86564,133.663,6.34903,8.70642,9.9578
dish_1562168696,87.4427,145.958,2.60328,15.6947,1.4426,95.1148,141,2.47468,18.1349,1.705,59.9095,1.78358,10.7529,0.988364,67.4573,1.75509,12.8616,1.20922
dish_1567785778,320.673,324.549,15.4227,30.1991,21.4929,303.508,310,15.1985,32.6299,11.7012,98.8059,4.75205,9.30495,6.62239,97.9056,4.90274,10.5258,3.77458
dish_1564687090,485.409,410.458,30.0815,26.6152,43.2373,498.019,416,32.7401,40.4855,38.0895,118.26,7.32876,6.48426,10.5339,119.716,7.87021,9.7321,9.15612
dish_1563909507,101.771,131.986,6.87477,8.49379,2.37406,117.926,151,9.16618,8.18612,2.89177,77.107,5.20871,6.43536,1.79872,78.0964,6.07032,5.42127,1.91508
dish_1560526530,238.813,246.9,12.673,27.434,5.53766,245.281,242,13.3121,26.7872,6.89202,96.7246,5.13284,11.1114,2.24288,101.356,5.50088,11.0691,2.84794
dish_1563295044,229.956,165.75,10.8435,23.8114,9.16617,241.975,158,12.1672,25.8452,7.93387,138.737,6.54207,14.3659,5.53012,153.149,7.70078,16.3577,5.02143
dish_1559844272,382.532,72.9069,32.9915,15.355,14.9642,462.48,80,39.6,18.16,17.92,524.686,45.2515,21.061,20.525,578.1,49.5,22.7,22.4
dish_1561578800,313.855,149.809,13.4665,35.0051,12.5775,338.355,146,14.5396,38.5942,13.2719,209.504,8.9891,23.3665,8.39572,231.75,9.95861,26.4344,9.09037
dish_1562703447,197.94,118.195,11.0619,19.5032,6.11358,384.426,259,17.9556,37.651,18.5105,167.469,9.35903,16.5008,5.17245,148.427,6.93266,14.5371,7.14692
dish_1566587143,259.36,189.585,13.498,9.31396,23.4325,354.399,234,20.7059,16.0106,28.9074,136.804,7.11979,4.91282,12.3599,151.453,8.84869,6.84213,12.3536
dish_1562618000,468.837,367.732,27.0299,15.9429,44.3749,685.994,448,36.104,30.8214,59.1597,127.494,7.35044,4.33548,12.0672,153.124,8.05892,6.87979,13.2053
dish_1566851704,444.465,311.159,17.8384,37.1264,33.8758,461.16,348,18.997,46.817,26.7119,142.842,5.73288,11.9317,10.887,132.517,5.4589,13.4532,7.67583
dish_1566587182,368.153,324.547,21.8461,18.5335,25.254,531.261,377,37.3619,22.5017,31.3715,113.436,6.73125,5.71057,7.78131,140.918,9.91032,5.96861,8.32136
dish_1558718680,192.355,34.3835,16.6323,7.47889,7.49257,132.963,23,11.385,5.221,5.152,559.44,48.3729,21.7514,21.7912,578.1,49.5,22.7,22.4
dish_1563898019,372.487,223.448,26.4666,6.65118,27.088,343.977,237,22.6345,10.4993,24.1809,166.7,11.8446,2.97662,12.1227,145.138,9.55041,4.43007,10.2029
dish_1558718610,106.623,102.279,2.41409,22.1393,3.13956,113.527,107,2.568,23.54,3.317,104.247,2.3603,21.6459,3.06959,106.1,2.4,22,3.1
dish_1565894910,403.513,163.776,16.0189,46.7848,17.1602,537.113,179,21.353,67.945,18.191,246.382,9.78099,28.5664,10.4779,300.063,11.9291,37.9581,10.1626
dish_1561578865,404.309,291.862,17.4133,46.7638,15.3831,417.185,246,17.3019,49.7071,16.7359,138.528,5.9663,16.0226,5.27067,169.588,7.0333,20.2062,6.80323
dish_1568401167,257.178,208.928,5.11158,4.11155,43.9575,426.36,228,20.976,20.976,36.936,123.094,2.44658,1.96793,21.0396,187,9.2,9.2,16.2
dish_1564689219,433.465,410.259,23.5623,42.9381,23.1226,506.847,474,28.0816,44.7268,27.2312,105.656,5.74328,10.4661,5.6361,106.93,5.92438,9.43604,5.74498
dish_1563984296,380.595,791.309,3.37178,44.7062,39.1512,436.337,871,3.53839,44.6076,51.1778,48.0969,0.426102,5.64965,4.94765,50.0961,0.406245,5.12143,5.87575
dish_1558110478,234.242,185.776,10.4856,23.8765,11.6789,205.439,161,6.801,27.932,8.301,126.088,5.64424,12.8523,6.28658,127.602,4.22422,17.3491,5.1559
dish_1563295016,143.965,85.9178,8.89245,7.65666,8.2478,127.88,79,7.621,8.182,6.965,167.561,10.35,8.91162,9.59964,161.873,9.64684,10.357,8.81646
dish_1558376801,3.87056,12.8803,0.0615072,0.645665,0.328466,4.2,15,0.06,0.795,0.33,30.0503,0.477531,5.01283,2.55015,28,0.4,5.3,2.2
dish_1561739188,111.64,124.251,1.56181,23.3136,1.36113,97.09,143,0.183,23.3,1.247,89.8508,1.25698,18.7634,1.09547,67.8951,0.127972,16.2937,0.872028
dish_1565020822,233.129,199.567,9.8642,18.7728,15.9638,180.565,193,5.83468,17.2563,12.9771,116.817,4.94279,9.40673,7.99922,93.5569,3.02315,8.9411,6.72387
dish_1561667238,288.716,196.114,12.1409,21.3185,22.946,268.805,165,12.3448,15.2502,23.4814,147.218,6.19073,10.8705,11.7003,162.912,7.48169,9.24256,14.2312
dish_1558114209,30.8822,89.4656,0.172771,7.34171,0.69376,30.6,90,0.18,7.2,0.72,34.5185,0.193115,8.20619,0.775449,34,0.2,8,0.8
dish_1561654392,543.728,276.402,40.5637,10.3011,35.3341,494.065,282,35.0814,13.5552,30.9143,196.717,14.6756,3.72686,12.7836,175.201,12.4402,4.80681,10.9625
dish_1564160043,223.19,90.4499,1.25516,43.3348,9.16908,245,98,1.47,48.02,9.898,246.756,1.38768,47.9102,10.1372,250,1.5,49,10.1
dish_1558376364,47.2273,69.9976,0.141297,12.3416,0.466182,48.99,71,0.142,12.78,0.497,67.4699,0.201859,17.6314,0.665997,69,0.2,18,0.7
dish_1566849987,520.124,431.704,24.7389,12.5809,59.92,562.97,540,16.635,20.534,80.741,120.482,5.73053,2.91423,13.8799,104.254,3.08056,3.80259,14.952
dish_1563898107,427.014,371.332,23.7088,29.0572,26.2951,440.693,424,23.1175,34.8013,25.4519,114.995,6.38481,7.82513,7.08128,103.937,5.45224,8.20784,6.00281
dish_1558635489,110.567,106.505,2.43185,22.9408,3.16692,78.514,74,1.776,16.28,2.294,103.814,2.28332,21.5396,2.97349,106.1,2.4,22,3.1
dish_1566589933,187.839,137.161,7.14234,3.98771,26.205,89.06,122,5.856,2.318,9.76,136.948,5.20728,2.90733,19.1054,73,4.8,1.9,8
dish_1568401199,340.751,267.507,8.7079,12.9039,47.2429,459.643,343,22.4507,24.833,37.957,127.38,3.2552,4.82375,17.6604,134.007,6.5454,7.23993,11.0662
dish_1563898084,437.204,363.074,25.5176,25.7379,27.7402,419.493,384,22.8375,30.0013,24.9719,120.417,7.02822,7.08888,7.64038,109.243,5.94726,7.81283,6.50311
dish_1565898158,275.788,249.859,13.1224,13.1239,32.9084,240.426,194,10.2932,10.2494,25.3245,110.377,5.25194,5.25254,13.1708,123.931,5.30575,5.2832,13.0539
dish_1560368464,263.179,247.386,10.1404,16.2377,26.2162,349.45,275,18.0624,16.8071,29.0512,106.384,4.099,6.5637,10.5973,127.073,6.56816,6.11167,10.5641
dish_1565898230,719.646,467.106,38.8308,20.2529,68.9906,780.202,500,42.6769,19.7311,73.946,154.065,8.31305,4.33583,14.7698,156.04,8.53538,3.94623,14.7892
dish_1566316757,368.117,695.462,5.43201,25.9891,49.2247,448.383,819,4.36961,34.2094,59.5002,52.9314,0.781065,3.73696,7.07799,54.7476,0.53353,4.17697,7.26499
dish_1566849923,80.274,206.168,3.04189,13.2651,1.92492,127.97,240,7.515,16.214,2.093,38.9362,1.47544,6.43414,0.933665,53.3208,3.13125,6.75583,0.872083
dish_1560456370,286.429,220.024,8.36554,26.7883,23.9832,258.383,186,7.64419,14.9216,30.9391,130.181,3.80211,12.1752,10.9003,138.915,4.10978,8.02237,16.6339
dish_1561741090,80.2873,197.419,0.679951,12.5574,5.65582,161.54,221,5.977,11.47,15.538,40.6684,0.34442,6.36076,2.86487,73.095,2.70452,5.19004,7.03077
dish_1565811000,406.323,287.031,15.2768,3.63627,61.2086,342.85,225,7.46,0.72,64.13,141.561,5.32237,1.26686,21.3248,152.378,3.31556,0.32,28.5022
dish_1560444892,32.5848,81.8953,0.08136,8.45163,0.359049,39.54,90,0.09,10.14,0.45,39.7883,0.0993463,10.32,0.438425,43.9333,0.1,11.2667,0.5
dish_1563565508,256.244,248.541,12.7957,19.7131,20.8549,403.862,387,24.7617,32.0267,26.2644,103.099,5.14832,7.93152,8.39091,104.357,6.39838,8.27563,6.78665
dish_1556575327,106.811,166.05,6.57652,12.4379,3.5555,103.3,152,6.882,10.618,2.868,64.3248,3.96058,7.49049,2.14123,67.9605,4.52763,6.98553,1.88684
dish_1564428102,64.7512,59.7805,5.4137,3.30435,1.53589,133.22,107,12.707,4.44612,2.43063,108.315,9.05597,5.52747,2.56922,124.504,11.8757,4.15526,2.27162
dish_1558376306,333.481,99.9353,26.3651,3.8308,19.1041,372.168,108,29.484,4.536,20.844,333.697,26.3822,3.83328,19.1164,344.6,27.3,4.2,19.3
dish_1561654374,284.059,239.216,19.429,12.7323,16.4826,326.356,251,22.0614,13.1212,19.4443,118.746,8.12194,5.32253,6.89028,130.022,8.78938,5.22757,7.74672
dish_1566328831,900.114,525.055,37.0026,78.6861,60.4604,941.61,500,30.021,85.81,78.08,171.432,7.04737,14.9863,11.5151,188.322,6.0042,17.162,15.616
dish_1562168673,43.9417,91.275,1.64743,6.57554,0.972517,56.3548,73,2.27068,8.6149,1.229,48.1421,1.80491,7.2041,1.06548,77.1984,3.11052,11.8012,1.68356
dish_1558375886,920.671,258.587,73.0629,37.0063,41.1685,1050.51,277,84.153,42.757,44.874,356.04,28.2547,14.311,15.9206,379.246,30.3801,15.4357,16.2
dish_1564773976,373.985,400.38,17.2284,19.7323,45.5996,516.089,463,22.1498,26.4142,52.7143,93.4076,4.30303,4.92838,11.3891,111.466,4.78397,5.70501,11.3854
dish_1566851584,238.608,162.159,8.97508,28.3453,10.843,286.295,222,10.867,34.366,13.904,147.144,5.53474,17.4799,6.68664,128.962,4.89504,15.4802,6.26306
dish_1560800988,174.668,216.09,6.02455,23.1638,7.21811,314.866,230,5.11504,61.2491,11.7276,80.8312,2.78798,10.7195,3.34032,136.898,2.22393,26.63,5.09894
dish_1559849497,457.271,256.007,28.4691,44.8387,14.8254,521.433,340,30.552,58.439,15.014,178.617,11.1204,17.5146,5.79102,153.363,8.98588,17.1879,4.41588
dish_1562008979,365.645,263.9,22.2986,11.4602,32.5999,382.937,290,22.2246,10.1736,35.3454,138.554,8.44963,4.34261,12.3531,132.047,7.66367,3.50813,12.1881
dish_1560445004,279.371,303.808,16.4744,20.0846,16.197,339.598,290,21.0154,24.4396,14.7475,91.9563,5.42265,6.61096,5.33134,117.103,7.2467,8.42746,5.08534
dish_1561662190,158.037,126.974,6.49041,20.0035,5.33912,117.318,104,3.98708,18.3928,2.39816,124.464,5.1116,15.7541,4.20489,112.806,3.83373,17.6854,2.30592
dish_1559844366,475.29,184.627,35.396,31.9674,17.5517,529.22,192,39.886,34.91,19.231,257.432,19.1716,17.3146,9.50654,275.635,20.774,18.1823,10.0161
dish_1563998244,221.328,169.695,8.83295,15.5388,20.3086,259.479,170,10.331,16.3832,24.2739,130.427,5.20519,9.15687,11.9677,152.635,6.07705,9.63717,14.2788
dish_1566838378,281.332,413.142,11.0555,39.6669,10.5065,286.21,482,7.972,49.074,8.99,68.0957,2.67596,9.60128,2.54306,59.3797,1.65394,10.1813,1.86515
dish_1566851616,250.604,192.737,8.9005,30.9367,11.7422,300.779,248,11.6026,36.1416,14.5128,130.024,4.61795,16.0513,6.09236,121.282,4.67847,14.5732,5.85193
dish_1565034605,64.0298,55.0486,5.08081,4.50914,0.948658,52.4912,52,4.96198,1.92248,0.708292,116.315,9.22968,8.1912,1.72331,100.945,9.54228,3.69708,1.3621
dish_1558030435,283.751,221.502,14.6476,24.1436,14.9018,246.94,221,11.115,24.954,11.915,128.103,6.61288,10.8999,6.72764,111.738,5.02941,11.2914,5.3914
dish_1558114284,144.927,291.658,0.509485,39.1431,1.56681,162.23,316,0.632,22.569,21.321,49.6907,0.174686,13.4209,0.537209,51.3386,0.2,7.14209,6.74715
dish_1565638515,168.732,161.731,7.36529,7.05785,18.6536,198.971,165,10.7591,8.95036,16.705,104.329,4.55404,4.36395,11.5337,120.588,6.52066,5.42446,10.1242
dish_1558376212,249.182,44.9591,21.5157,9.65818,9.70116,300.612,52,25.74,11.804,11.648,554.241,47.8562,21.4821,21.5777,578.1,49.5,22.7,22.4
dish_1560975491,32.3757,84.6609,1.33222,3.5519,2.58599,37.84,86,1.806,3.698,2.752,38.2416,1.5736,4.19544,3.05452,44,2.1,4.3,3.2
dish_1565035715,17.2119,41.3419,0.249272,3.23151,0.369572,15.6,39,0.039,3.51,0.429,41.633,0.602952,7.81655,0.893941,40,0.1,9,1.1
dish_1558375833,273.535,80.933,21.7974,3.46616,15.1068,317.032,92,25.116,3.864,17.756,337.978,26.9326,4.28276,18.6658,344.6,27.3,4.2,19.3
dish_1561574428,94.0413,192.655,5.21006,10.2982,4.71327,84.0024,172,5.07367,7.93842,3.98795,48.8134,2.70435,5.3454,2.44648,48.8386,2.94981,4.61536,2.31858
dish_1561147997,170.18,131.495,8.40775,17.8714,6.36681,185.18,133,8.62901,20.6399,7.06039,129.42,6.39398,13.591,4.84188,139.233,6.48798,15.5187,5.30857
dish_1565974375,388.309,77.7459,30.3298,1.11025,27.099,459.85,85,35.7,1.19,31.45,499.459,39.0114,1.42805,34.8558,541,42,1.4,37
dish_1560801829,233.118,166.82,8.83162,28.0082,9.55996,256.896,178,10.5406,30.3486,11.1849,139.742,5.29411,16.7895,5.73071,144.323,5.92168,17.0498,6.28364
dish_1561574848,199.958,183.15,10.4195,8.09338,21.2056,182.258,155,10.2344,4.81575,18.0553,109.177,5.68907,4.41898,11.5782,117.586,6.60286,3.10694,11.6486
dish_1558722171,20.5113,80.121,0.251629,4.05695,1.39724,24.25,97,0.291,4.85,1.746,25.6004,0.314061,5.06353,1.74391,25,0.3,5,1.8
dish_1559844323,430.728,138.24,33.3565,27.1797,15.5499,518.37,161,39.762,32.74,18.487,311.58,24.1294,19.6613,11.2485,321.969,24.6969,20.3354,11.4826
dish_1568401302,611.464,575.767,16.8316,58.6499,59.058,716.479,561,28.9467,69.865,44.678,106.2,2.92333,10.1864,10.2573,127.715,5.15984,12.4536,7.96399
dish_1558461607,77.8872,116.592,0.243445,20.2443,0.822124,87.63,127,0.254,22.86,0.889,66.803,0.2088,17.3633,0.705126,69,0.2,18,0.7
dish_1558031394,232.149,298.503,1.44339,52.3449,3.23819,237.41,318,0.521,55.476,4.23,77.7711,0.483543,17.5358,1.08481,74.6572,0.163836,17.4453,1.33019
dish_1562172600,231.843,375.215,3.5578,19.8928,25.1132,263.6,370,6.02,16.43,30.68,61.7895,0.948203,5.30173,6.69303,71.2432,1.62703,4.44054,8.29189
dish_1562790855,730.948,450.052,49.6389,21.2697,75.2659,739.376,507,67.8848,23.7834,78.4317,162.414,11.0296,4.72604,16.7238,145.834,13.3895,4.69101,15.4698
dish_1560526514,204.071,237.521,10.1641,25.9643,4.32991,183.253,224,8.39813,26.0312,3.41803,85.917,4.27925,10.9314,1.82296,81.8093,3.74917,11.6211,1.5259
dish_1558546663,271.328,185.083,16.8607,26.2922,11.3914,330.734,197,22.108,30.264,10.601,146.598,9.10977,14.2056,6.15474,167.885,11.2223,15.3624,5.38122
dish_1560368570,436.54,395.808,22.6035,18.2235,44.181,555.933,452,39.1879,27.1336,46.5131,110.291,5.71072,4.60411,11.1622,122.994,8.66988,6.00302,10.2905
dish_1565638550,257.943,211.758,9.40904,8.66966,32.8026,277.657,215,12.7177,10.0551,30.1245,121.811,4.44331,4.09414,15.4907,129.143,5.91521,4.67678,14.0114
dish_1563897938,23.1812,4.47978,1.81084,0.0478578,1.60418,54.1,10,4.2,0.14,3.7,517.464,40.4225,1.06831,35.8094,541,42,1.4,37
dish_1558376734,167.992,50.1719,13.4981,2.2768,9.18796,206.76,60,16.38,2.52,11.58,334.834,26.9037,4.53799,18.3129,344.6,27.3,4.2,19.3
dish_1567785622,41.6407,67.2556,0.281134,9.7731,0.502378,30.78,54,0.162,7.56,0.378,61.9141,0.418008,14.5313,0.746969,57,0.3,14,0.7
dish_1558639526,26.8885,63.8384,0.149839,6.37676,0.577296,31.98,78,0.156,7.8,0.702,42.1196,0.234715,9.98891,0.904309,41,0.2,10,0.9
dish_1559849053,330.443,130.357,24.0538,25.127,10.9681,381.528,125,28.844,25.226,13.461,253.492,18.4523,19.2756,8.41391,305.222,23.0752,20.1808,10.7688
dish_1558031237,31.6878,91.1162,0.199707,7.39131,0.715913,31.62,93,0.186,7.44,0.744,34.7774,0.219178,8.11196,0.785714,34,0.2,8,0.8
dish_1564773847,114.388,160.33,8.5399,5.54298,13.196,238.028,161,15.7378,5.8212,17.6033,71.345,5.32644,3.45722,8.23053,147.843,9.77502,3.61565,10.9337
dish_1566590056,830.192,513.012,40.2024,45.7325,76.0909,815.648,519,34.7122,63.9271,62.9269,161.827,7.83655,8.91451,14.8322,157.158,6.68828,12.3174,12.1247
dish_1564773942,340.622,365.693,15.6044,17.1729,43.5863,491.94,442,19.9028,25.0912,52.5463,93.1441,4.26707,4.69598,11.9188,111.299,4.50289,5.67674,11.8883
dish_1561393715,27.3148,52.2502,0.901055,3.93168,1.53892,17.15,49,0.196,3.43,1.176,52.2769,1.7245,7.52472,2.9453,35,0.4,7,2.4
dish_1563897981,254.654,134.73,19.2192,1.92764,17.0325,243.54,138,18.28,2.188,16.5,189.011,14.265,1.43074,12.6419,176.478,13.2464,1.58551,11.9565
dish_1558545738,67.5238,132.127,0.277835,18.319,0.398184,73.84,142,0.284,19.88,0.426,51.1052,0.210279,13.8647,0.301365,52,0.2,14,0.3
dish_1558718649,28.7383,82.9983,0.17749,6.6615,0.640342,25.84,76,0.152,6.08,0.608,34.6251,0.213848,8.02606,0.771513,34,0.2,8,0.8
dish_1562690950,116.42,232.824,1.19204,25.9903,2.51622,109.062,202,1.38183,24.8268,1.86134,50.0033,0.511991,11.163,1.08074,53.9909,0.684074,12.2905,0.921456
dish_1564689108,221.48,162.506,11.4856,23.8814,8.35523,203.662,159,15.8665,13.1567,4.92947,136.29,7.06775,14.6957,5.14147,128.09,9.97893,8.27465,3.1003
dish_1561578775,267.373,104.22,9.52295,32.9379,11.3096,295.149,111,10.434,37.185,12.432,256.547,9.13738,31.6043,10.8517,265.9,9.4,33.5,11.2
dish_1558110385,59.52,40.7206,4.08657,0.725484,4.80468,52.87,34,3.57,0.408,4.25,146.167,10.0356,1.78161,11.7991,155.5,10.5,1.2,12.5
dish_1563998513,656.91,609.692,31.7287,34.0144,60.3523,757.505,599,38.7363,51.5525,54.2395,107.745,5.20405,5.57895,9.89883,126.462,6.46683,8.60643,9.05501
dish_1559844458,50.0652,73.3181,0.153283,12.9704,0.505741,55.89,81,0.162,14.58,0.567,68.2849,0.209066,17.6906,0.68979,69,0.2,18,0.7
dish_1566316681,117.662,116.877,3.62554,20.5941,0.988926,116.763,122,2.97561,21.4244,1.19024,100.672,3.10202,17.6203,0.846127,95.7073,2.43902,17.561,0.97561
dish_1566851549,189.877,73.14,6.77318,23.5067,7.9149,226.015,85,7.99,28.475,9.52,259.608,9.26056,32.1393,10.8216,265.9,9.4,33.5,11.2
dish_1565034681,331.961,176.718,15.8735,34.8344,12.8034,323.553,185,18.9325,29.1877,10.4222,187.848,8.98241,19.7119,7.24509,174.894,10.2338,15.7772,5.63362
dish_1558635523,40.3328,32.9923,0.0940087,8.7842,0.875653,55.9,43,0.129,12.04,1.161,122.249,0.284942,26.625,2.65412,130,0.3,28,2.7
dish_1559239369,143.575,248.741,3.77313,26.4333,3.10282,130.92,276,0.612,31.92,3.068,57.7206,1.51689,10.6268,1.24741,47.4348,0.221739,11.5652,1.11159
dish_1566849955,98.3971,248.865,2.79681,17.7646,2.51796,147.17,288,7.563,20.534,2.621,39.5384,1.12383,7.13824,1.01178,51.1007,2.62604,7.12986,0.910069
dish_1559849537,436.896,312.29,24.0709,51.0259,12.7644,549.523,393,30.711,65.329,15.438,139.901,7.70786,16.3393,4.08734,139.828,7.8145,16.6232,3.92824
dish_1562776428,30.9106,63.0738,0.743619,5.31194,2.17474,33.6998,66,0.844443,5.85257,2.20974,49.007,1.17897,8.42178,3.44793,51.0603,1.27946,8.86753,3.34809
dish_1560800918,80.7254,67.1986,6.86194,4.54091,1.8425,70.8256,40,3.92504,7.7291,1.98356,120.13,10.2114,6.75745,2.74187,177.064,9.8126,19.3227,4.9589
dish_1565898193,321.336,297.047,16.472,13.9837,32.854,291.914,268,14.645,12.8457,26.551,108.177,5.54525,4.70758,11.0602,108.923,5.46455,4.79317,9.90709
dish_1558376874,290.337,52.5733,25.034,11.5035,11.2253,335.298,58,28.71,13.166,12.992,552.252,47.6173,21.8809,21.3517,578.1,49.5,22.7,22.4
dish_1558630176,67.4347,131.095,0.285262,18.0853,0.371362,73.84,142,0.284,19.88,0.426,51.4398,0.2176,13.7956,0.283278,52,0.2,14,0.3
dish_1565034635,132.721,106.836,9.99744,9.9228,2.18416,124.089,110,11.7655,4.25774,2.1002,124.229,9.35778,9.28791,2.04441,112.808,10.6959,3.87067,1.90928
dish_1561405356,181.212,164.659,9.39097,6.60063,24.2449,206.645,176,4.1984,7.49685,33.4136,110.053,5.70327,4.00866,14.7243,117.412,2.38545,4.25957,18.985
dish_1557937427,28.4153,18.5298,1.96808,0.358921,2.39813,26.435,17,1.785,0.204,2.125,153.349,10.6211,1.93699,12.942,155.5,10.5,1.2,12.5
dish_1563551220,495.373,556.587,15.4442,61.6643,29.6334,561.704,558,14.5199,79.7909,28.9488,89.0019,2.7748,11.079,5.32412,100.664,2.60212,14.2994,5.18796
dish_1560368506,390.382,343.397,18.2553,20.0313,42.648,462.934,378,31.2597,22.3824,44.5846,113.682,5.31609,5.83326,12.4194,122.469,8.26977,5.92127,11.7949
dish_1566589967,507.451,328.9,27.6337,12.4828,61.2853,381.662,322,16.1381,13.401,46.9482,154.287,8.40187,3.79533,18.6334,118.529,5.01183,4.1618,14.5802
dish_1560444948,133.701,220.116,5.83801,14.8294,6.37119,171.317,231,10.0294,17.6376,4.61149,60.7413,2.65224,6.73707,2.89447,74.1631,4.34175,7.63533,1.99632
dish_1560975572,103.717,182.958,4.62215,9.74361,9.18523,96.99,159,2.158,16.068,5.584,56.6886,2.52634,5.32559,5.02039,61,1.35723,10.1057,3.51195
dish_1558719994,512.839,91.784,44.1979,19.9803,19.9243,768.873,133,65.835,30.191,29.792,558.745,48.1542,21.7689,21.7079,578.1,49.5,22.7,22.4
dish_1563208439,107.103,105.743,5.41752,7.13307,7.9044,92.61,96,4.299,8.01,6.144,101.286,5.12327,6.74565,7.47509,96.4688,4.47813,8.34375,6.4
dish_1566920304,301.148,568.983,1.01722,4.31283,57.8803,296.4,570,1.14,3.99,57,52.9274,0.178779,0.757989,10.1726,52,0.2,0.7,10
dish_1561393741,146.914,144.397,9.52433,5.94877,10.1521,188.83,165,12.956,5.286,12.776,101.744,6.59594,4.11974,7.03072,114.442,7.85212,3.20364,7.74303
dish_1557862738,272.917,125.865,17.7969,2.20264,26.1944,319.78,118,22.42,0,29.5,216.833,14.1397,1.75001,20.8115,271,19,0,25
dish_1559233627,18.5379,3.53331,1.43888,0.0437776,1.27301,64.92,12,5.04,0.168,4.44,524.66,40.7234,1.23899,36.0288,541,42,1.4,37
dish_1565896745,383.009,252.328,27.9622,10.6521,23.9622,368.54,244,25.2225,10.7378,27.1871,151.79,11.0817,4.22152,9.49645,151.041,10.3371,4.40075,11.1422
dish_1562700568,290.462,363.599,21.6688,20.3947,25.1017,246.864,318,21.8322,16.6532,23.5632,79.8852,5.95952,5.6091,6.90366,77.6303,6.86547,5.23685,7.40983
dish_1566838286,61.44,128.698,0.106277,16.1478,0.601501,72.5,145,0.145,18.85,0.725,47.7397,0.0825784,12.5471,0.467374,50,0.1,13,0.5
dish_1561147967,160.835,91.6779,7.88628,17.2804,5.75386,177.98,85,8.43701,19.3439,6.53239,175.435,8.60216,18.849,6.27617,209.388,9.92589,22.7576,7.68517
dish_1563565415,262.916,257.961,15.6042,18.0143,24.7055,303.477,284,18.1741,24.9987,21.3714,101.921,6.04904,6.98333,9.57723,106.858,6.39935,8.80236,7.52514
dish_1558722247,622.386,302.796,47.0153,42.6094,24.4458,604.616,343,43.181,46.772,21.49,205.546,15.527,14.072,8.07334,176.273,12.5892,13.6362,6.26531
dish_1566920365,495.207,808.615,7.56686,33.2905,62.902,490.422,871,5.32444,41.3936,60.676,61.2414,0.935781,4.11698,7.77899,56.3056,0.611302,4.75242,6.96624
dish_1561574815,110.063,113.126,8.21415,7.92038,2.88428,74.853,89,6.63781,3.24684,1.6533,97.2929,7.26107,7.00139,2.54962,84.1044,7.45821,3.64814,1.85764
dish_1565118782,518.755,325.969,34.3936,15.4916,38.4287,557.522,353,34.1091,17.0466,43.741,159.142,10.5512,4.75248,11.7891,157.938,9.66263,4.82906,12.3912
dish_1562168648,24.9045,34.1597,1.85166,1.66947,0.668848,41.5948,32,2.22968,4.9249,1.024,72.9061,5.42059,4.88727,1.958,129.984,6.96774,15.3903,3.2
dish_1563996485,187.517,240.04,12.3479,16.0834,5.39475,178.039,201,11.6076,16.5671,4.1729,78.1194,5.14409,6.70033,2.24744,88.5767,5.77495,8.24234,2.07607
dish_1567785654,67.8978,123.167,0.296129,16.8576,0.833513,51.78,96,0.204,13.02,0.588,55.1265,0.240428,13.6868,0.676733,53.9375,0.2125,13.5625,0.6125
dish_1558113941,214.167,76.1718,17.793,9.15675,9.07924,296.89,78,24.862,12.834,11.816,281.163,23.3591,12.0212,11.9194,380.628,31.8744,16.4538,15.1487
dish_1557937157,359.531,301.171,23.5455,13.6537,22.7747,355.25,271,22.123,14.7,24.342,119.378,7.81798,4.53354,7.56203,131.089,8.16347,5.42435,8.98229
dish_1558719570,70.3896,136.83,0.320012,18.9743,0.415231,74.36,143,0.286,20.02,0.429,51.443,0.233875,13.8671,0.303464,52,0.2,14,0.3
dish_1560367904,124.204,74.6547,8.06611,2.53522,14.1654,76.0231,69,8.84091,3.73491,10.4059,166.371,10.8045,3.39593,18.9745,110.178,12.8129,5.41292,15.081
dish_1558375732,40.492,60.609,0.125479,10.564,0.416112,45.54,66,0.132,11.88,0.462,66.8084,0.207031,17.4298,0.686551,69,0.2,18,0.7
dish_1565711453,169.261,116.139,12.255,1.63025,11.7572,198.32,134,14.74,2.144,13.4,145.74,10.552,1.40371,10.1234,148,11,1.6,10
dish_1557862345,92.9812,54.9087,3.00548,0.038443,16.4537,103.95,63,2.268,0,19.53,169.338,5.47359,0.0700126,29.9656,165,3.6,0,31
dish_1566851677,320.503,231.769,11.7586,29.7137,23.2376,354.774,296,12.6282,45.3321,16.5234,138.286,5.07343,12.8204,10.0262,119.856,4.2663,15.3149,5.58222
dish_1560368395,35.521,107.682,0.123763,8.59228,0.590369,49.32,137,0.137,12.33,0.685,32.987,0.114934,7.97932,0.548253,36,0.1,9,0.5
dish_1562876531,49.6332,88.4956,2.89795,3.37946,3.94736,66.0669,85,2.41063,3.07995,8.37574,56.0855,3.27469,3.81878,4.46052,77.7258,2.83603,3.62347,9.85381
dish_1566920339,465.39,699.117,4.91241,30.9626,61.1557,449.532,730,5.04244,32.0876,58.561,66.5683,0.70266,4.42882,8.74756,61.5797,0.690745,4.39556,8.02205
dish_1558717604,70.1447,133.89,0.272184,18.7135,0.434551,73.84,142,0.284,19.88,0.426,52.39,0.20329,13.9768,0.324559,52,0.2,14,0.3
dish_1561574456,236.405,230.992,10.4416,27.0108,10.3829,203.657,217,9.30367,23.0134,9.02795,102.343,4.52034,11.6934,4.49492,93.8513,4.28741,10.6053,4.16035
dish_1563478751,672.326,407.057,31.7728,43.0148,47.0145,950.395,545,45.304,54.1333,74.7722,165.167,7.80549,10.5672,11.5498,174.384,8.31266,9.93271,13.7197
dish_1558376437,12.7139,36.5971,0.0664424,3.00453,0.280408,13.26,39,0.078,3.12,0.312,34.74,0.181551,8.20975,0.766203,34,0.2,8,0.8
dish_1561654346,84.7199,87.5585,5.2383,8.63038,2.25962,79.1955,84,3.69135,10.4492,2.74428,96.758,5.98262,9.85669,2.58069,94.2803,4.39447,12.4395,3.267
dish_1559842047,135.598,267.329,0.414156,35.488,1.76735,153.69,285,0.487,39.53,1.992,50.7231,0.154924,13.275,0.661115,53.9263,0.170877,13.8702,0.698947
dish_1562009894,233.787,206.837,11.5406,28.783,5.35346,244.807,200,12.0125,29.8856,5.6285,113.03,5.57955,13.9158,2.58825,122.404,6.00625,14.9428,2.81425
dish_1565118700,28.3911,35.4613,2.10092,2.37592,0.729735,16.66,49,0.2205,3.1115,1.2495,80.0622,5.92454,6.70003,2.05783,34,0.45,6.35,2.55
dish_1563221025,293.714,168.777,13.4403,5.37082,35.8337,245.446,123,12.9888,4.35962,25.9468,174.025,7.96336,3.18221,21.2314,199.549,10.56,3.5444,21.0949
dish_1558461692,203.881,36.6796,17.5919,8.05056,7.85856,231.24,40,19.8,9.08,8.96,555.844,47.9609,21.9483,21.4249,578.1,49.5,22.7,22.4
dish_1558031133,131.169,101.784,0.158581,30.7046,1.74546,136.51,110,0.22,32.34,1.76,128.87,0.155802,30.1665,1.71486,124.1,0.2,29.4,1.6
dish_1563565323,181.381,142.565,9.16296,14.4552,15.9861,229.53,152,10.8405,21.6514,14.4051,127.227,6.42722,10.1394,11.2132,151.007,7.13192,14.2443,9.47704
dish_1562617939,108.692,89.1128,9.34439,6.07748,1.67242,234.966,133,14.6408,20.4339,7.2388,121.971,10.486,6.81999,1.87674,176.666,11.0081,15.3638,5.44271
dish_1558722207,78.2338,150.95,0.313282,20.9528,0.449507,83.2,160,0.32,22.4,0.48,51.8277,0.207541,13.8807,0.297786,52,0.2,14,0.3
dish_1558635546,73.7986,142.759,0.31465,19.8525,0.424448,60.84,117,0.234,16.38,0.351,51.6947,0.220407,13.9064,0.297318,52,0.2,14,0.3
dish_1558639849,22.5966,54.1841,0.146142,5.4046,0.45841,23.37,57,0.114,5.7,0.513,41.7034,0.269713,9.97451,0.846023,41,0.2,10,0.9
dish_1565020895,337.935,376.302,11.1747,38.4343,22.475,348.126,416,10.2333,43.376,20.9613,89.8043,2.96961,10.2137,5.97259,83.6842,2.45992,10.4269,5.03878
dish_1562963246,262.348,99.9347,9.12319,33.1054,10.9717,324.398,122,11.468,40.87,13.664,262.52,9.12916,33.127,10.9789,265.9,9.4,33.5,11.2
dish_1563909550,278.922,248.752,8.72832,41.273,7.59634,310.32,273,11.8502,44.6641,8.62576,112.128,3.50884,16.592,3.05378,113.67,4.34072,16.3605,3.15962
dish_1563998323,571.765,568.535,25.6969,30.4331,53.5523,634.505,574,32.4863,35.3025,52.9645,100.568,4.51985,5.35289,9.41934,110.541,5.65963,6.15027,9.22727
dish_1567007783,56.9068,113.13,0.537068,13.0625,0.891313,50,106,0.352,11.94,0.879,50.3019,0.474734,11.5464,0.787864,47.1698,0.332075,11.2642,0.829245
dish_1559849020,51.237,75.309,0.203076,13.0067,0.539465,46.23,67,0.134,12.06,0.469,68.0356,0.269657,17.2711,0.716335,69,0.2,18,0.7
dish_1557936555,133.365,90.7126,9.5125,0.924511,10.109,149.28,96,10.08,1.152,12,147.019,10.4864,1.01916,11.1439,155.5,10.5,1.2,12.5
dish_1562009006,462.793,290.852,27.9473,18.3552,36.6777,470.717,323,25.4256,21.0636,38.9754,159.117,9.60878,6.31083,12.6105,145.733,7.87172,6.52123,12.0667
dish_1559239151,28.6463,33.0439,2.31967,1.1686,1.1066,9.2,40,0.16,1.44,1.16,86.6916,7.01997,3.53651,3.34886,23,0.4,3.6,2.9
dish_1560526490,129.728,162.018,7.26195,15.3248,2.48223,141.673,170,8.34413,16.8512,2.33803,80.07,4.48219,9.45873,1.53207,83.3369,4.90831,9.9125,1.37531
dish_1565811139,400.712,392.249,19.4199,19.8721,38.2865,902.2,416,62.632,9.06,74.731,102.158,4.95091,5.06621,9.76077,216.875,15.0558,2.17788,17.9642
dish_1558635400,22.0623,86.4495,0.256455,4.42937,1.52978,25,100,0.3,5,1.8,25.5205,0.296653,5.12365,1.76956,25,0.3,5,1.8
dish_1558461792,325.346,238.96,19.762,32.183,11.4657,331,233,20.196,34.499,10.543,136.151,8.27001,13.468,4.79818,142.06,8.66781,14.8064,4.52489
dish_1565811025,318.835,295.667,10.5917,7.75428,47.496,361.05,277,7.668,4.36,65.378,107.836,3.58229,2.62264,16.064,130.343,2.76823,1.57401,23.6022
dish_1560800951,132.686,185.423,6.70117,12.9725,5.6932,102.826,168,4.30904,14.1291,4.28756,71.5588,3.61399,6.99616,3.07039,61.2057,2.56491,8.41018,2.55212
dish_1559846688,70.0256,70.0394,4.44099,6.21289,2.44085,82.8325,73,7.75218,3.11064,1.29191,99.9803,6.34069,8.87056,3.48497,113.469,10.6194,4.26115,1.76975
dish_1558630207,532.901,94.9493,45.9209,20.8257,20.5623,670.596,116,57.42,26.332,25.984,561.248,48.3636,21.9335,21.6561,578.1,49.5,22.7,22.4
dish_1559157454,40.9029,32.8062,3.74739,1.6497,0.8377,34.5646,28,3.28446,1.12736,0.671958,124.681,11.4228,5.02863,2.55348,123.445,11.7302,4.0263,2.39985
dish_1562876494,36.0538,29.5634,2.35169,1.48206,3.86977,40.1069,26,1.17163,0.542953,6.48774,121.954,7.95473,5.01317,13.0897,154.257,4.50625,2.08828,24.9528
dish_1561574479,418.399,331.684,21.208,31.491,26.5992,363.614,293,18.4865,25.269,24.5539,126.144,6.39404,9.49427,8.01944,124.1,6.3094,8.62423,8.38017
dish_1561654326,62.0621,52.7971,5.0508,4.15314,1.12967,59.7926,46,3.20516,7.07955,1.472,117.548,9.56643,7.86623,2.13965,129.984,6.96774,15.3903,3.2
dish_1563996441,78.6776,63.3117,7.24211,3.34208,1.39333,80.2392,65,7.62464,2.61709,1.5599,124.27,11.4388,5.27878,2.20075,123.445,11.7302,4.0263,2.39985
dish_1560801883,482.039,282.345,20.1781,29.9954,40.1622,512.111,315,22.1466,34.6295,42.5591,170.727,7.14661,10.6237,14.2245,162.575,7.03067,10.9935,13.5108
dish_1560801859,364.03,226.417,16.7038,28.0461,23.1734,428.704,262,20.0705,33.4585,28.3344,160.779,7.37744,12.3869,10.2348,163.628,7.66048,12.7704,10.8147
dish_1562691064,577.467,498.611,30.1948,52.7489,26.2776,555.304,501,23.9318,64.7728,21.9893,115.815,6.05578,10.5792,5.27016,110.839,4.77681,12.9287,4.38909
dish_1558030383,117.361,22.7517,9.11092,0.288767,8.22513,140.66,26,10.92,0.364,9.62,515.835,40.045,1.26921,36.1517,541,42,1.4,37
dish_1563389626,170.567,243.044,9.36594,16.0175,8.04563,498.62,360,30.1818,12.3935,45.3269,70.1797,3.8536,6.59039,3.31036,138.506,8.38383,3.44263,12.5908
dish_1565898331,91.2672,73.6084,7.46988,4.2728,8.17962,155.993,100,6.5184,4.59284,18.1131,123.99,10.1481,5.80477,11.1123,155.993,6.5184,4.59284,18.1131
dish_1567007751,47.7854,100.068,0.39574,11.169,0.758079,39.93,87,0.219,9.66,0.651,47.7531,0.395472,11.1615,0.757566,45.8965,0.251724,11.1034,0.748276
dish_1558720097,32.7269,76.6148,0.213177,7.71014,0.687295,30.34,74,0.148,7.4,0.666,42.7162,0.278245,10.0635,0.897078,41,0.2,10,0.9
dish_1558110297,28.4059,50.3532,0.143424,6.89734,0.346519,29.07,51,0.153,7.14,0.357,56.4133,0.284837,13.6979,0.688177,57,0.3,14,0.7
dish_1561574783,37.8371,32.3809,3.28713,1.66718,0.880533,29.6268,24,2.81525,0.966312,0.575964,116.85,10.1514,5.14864,2.71929,123.445,11.7302,4.0263,2.39985
dish_1563220987,275.403,154.32,14.4481,4.6327,30.2044,224.988,110,12.4796,4.07239,22.4577,178.463,9.36244,3.00201,19.5726,204.534,11.3451,3.70217,20.4161
dish_1568305198,343.727,118.685,25.0322,3.11606,26.544,311.354,82,23.042,2.542,23.862,289.613,21.0913,2.62548,22.365,379.7,28.1,3.1,29.1
dish_1561405389,241.226,190.099,14.5762,9.21847,22.5965,265.983,223,8.39306,12.1054,34.9859,126.895,7.66771,4.8493,11.8867,119.275,3.7637,5.42845,15.6888
dish_1565638599,332.607,281.592,11.9601,21.8417,34.8414,368.698,279,15.7624,23.1036,32.8584,118.117,4.24733,7.7565,12.373,132.15,5.64959,8.28087,11.7772
dish_1565986702,237.935,214.846,26.5388,7.77129,28.9471,211.344,204,24.373,6.95448,27.8311,110.747,12.3525,3.61715,13.4734,103.6,11.9476,3.40906,13.6427
dish_1559578599,254.44,193.684,12.8037,21.6258,12.2335,229.98,193,9.825,25.422,10.045,131.369,6.61062,11.1655,6.31621,119.161,5.09067,13.172,5.20466
dish_1559233715,92.9695,99.4897,0.652509,18.6875,1.31602,83.6,110,0,19.8,1.1,93.4463,0.655856,18.7834,1.32277,76,0,18,1
dish_1559849466,456.604,205.505,32.3846,35.7257,16.8311,467.613,262,30.396,44.399,14.468,222.187,15.7586,17.3844,8.19013,178.478,11.6015,16.9462,5.52214
dish_1558630325,555.538,251.993,41.3662,35.0902,23.2292,751.542,269,58.078,46.564,27.081,220.457,16.4156,13.9251,9.21818,279.384,21.5903,17.31,10.0673
dish_1565035802,77.1228,286.927,1.84998,14.1539,3.60406,69.2,250,0.571,14.785,3.714,26.8788,0.644757,4.93293,1.25609,27.68,0.2284,5.914,1.4856
dish_1558641253,112.003,106.39,2.5148,23.2574,3.2562,116.71,110,2.64,24.2,3.41,105.276,2.36376,21.8606,3.06064,106.1,2.4,22,3.1
dish_1560444967,143.499,235.123,5.79682,17.4189,5.85446,197.378,252,10.0714,23.8116,4.94749,61.0315,2.46544,7.40839,2.48995,78.3246,3.9966,9.44906,1.96329
dish_1559233570,17.8205,42.0815,0.129755,4.26391,0.290379,16.83,51,0.153,4.08,0.357,42.3475,0.308342,10.1325,0.690039,33,0.3,8,0.7
dish_1565034661,228.326,141.79,12.0352,22.7724,7.65031,219.813,146,15.1495,16.3177,6.1322,161.031,8.488,16.0606,5.39551,150.557,10.3764,11.1765,4.20014
dish_1561663541,119.245,83.4312,3.82048,18.3565,3.3854,124.32,112,1.008,25.76,2.912,142.927,4.5792,22.002,4.05772,111,0.9,23,2.6
dish_1557937715,14.3953,32.5835,0.0860255,3.55766,0.227352,20.67,39,0.273,4.68,0.468,44.1796,0.264015,10.9186,0.697752,53,0.7,12,1.2
dish_1566838407,329.79,452.534,10.4898,53.9362,9.2313,358.948,558,9.82566,62.4203,9.73146,72.8763,2.318,11.9187,2.03991,64.3275,1.76087,11.1864,1.74399
dish_1562691000,340.397,375.842,18.7306,25.2233,18.2999,326.622,349,17.5518,27.1788,16.5613,90.5694,4.98365,6.71115,4.86904,93.5879,5.02918,7.78763,4.74537
dish_1564427406,251.92,128,13.7494,0.469233,30.9772,305.37,135,20.115,0.135,30.51,196.813,10.7417,0.366589,24.201,226.2,14.9,0.1,22.6
dish_1561662814,30.9271,32.6342,2.42915,2.04719,1.27969,23.2435,20,1.87504,1.52934,0.350089,94.769,7.44357,6.27315,3.92132,116.218,9.37522,7.64671,1.75045
dish_1565638478,31.4835,69.5306,1.22748,4.02223,1.43882,47.6158,91,2.36372,6.21075,1.59705,45.2801,1.76538,5.78484,2.06934,52.325,2.5975,6.825,1.755
dish_1562690917,67.0212,126.267,1.3747,13.0605,1.68021,69.0617,122,1.30183,14.4268,1.46134,53.079,1.08873,10.3436,1.33069,56.608,1.06707,11.8253,1.19782
dish_1558549806,509.695,170.315,35.0526,39.5687,19.2087,781.958,203,58.675,48.146,28.747,299.266,20.581,23.2326,11.2783,385.201,28.9039,23.7172,14.1611
dish_1561578839,360.703,243.209,15.8005,40.6709,14.0151,362.155,214,14.8116,43.3542,14.9039,148.31,6.49666,16.7226,5.76259,169.231,6.9213,20.259,6.96446
dish_1558376984,656.834,349.608,45.0288,37.9563,36.1869,671.678,350,45.584,30.23,45.44,187.877,12.8798,10.8568,10.3507,191.908,13.024,8.63714,12.9829
dish_1563996509,406.118,368.11,23.0389,20.5752,31.7568,365.185,316,17.8745,19.3008,32.7522,110.325,6.25869,5.58942,8.62699,115.565,5.65649,6.10785,10.3646
dish_1558110436,76.3421,67.8836,0.0540248,18.4659,1.00017,85.629,69,0.138,20.286,1.104,112.46,0.0795844,27.2022,1.47336,124.1,0.2,29.4,1.6
dish_1564686966,154.192,68.396,10.2604,1.59984,13.4759,153.205,65,10.1022,2.51424,13.0875,225.44,15.0014,2.33909,19.7027,235.7,15.5419,3.86806,20.1346
dish_1563208459,195.91,174.862,6.95006,24.268,9.1011,186.486,161,8.03957,22.543,6.94117,112.037,3.9746,13.8784,5.20474,115.83,4.99352,14.0019,4.31129
dish_1566850031,583.529,505.286,25.8983,16.5171,67.7117,616.772,662,19.197,25.78,84.645,115.485,5.12548,3.26887,13.4007,93.168,2.89985,3.89426,12.7863
dish_1565711527,553.916,305.899,35.694,37.3904,20.8447,484.807,302,32.0155,33.9282,18.4787,181.078,11.6686,12.2231,6.81425,160.532,10.6012,11.2345,6.11877
dish_1562703382,212.254,139.356,7.17947,29.5214,7.93988,203.87,145,5.887,31.32,6.989,152.31,5.15188,21.1841,5.69754,140.6,4.06,21.6,4.82
dish_1566502437,65.7928,61.1562,5.4518,3.61619,1.10264,74.564,64,6.41538,3.82463,1.71166,107.582,8.91455,5.91304,1.80299,116.506,10.024,5.97598,2.67447
dish_1561662842,232.975,160.813,8.89304,4.25235,35.7039,263.125,172,8.7627,5.88277,38.171,144.873,5.53006,2.64429,22.2021,152.98,5.0946,3.42021,22.1925
dish_1562691032,373.533,420.059,17.7841,36.2853,17.0848,419.682,415,22.0398,39.0588,17.9473,88.9239,4.23371,8.63815,4.06724,101.128,5.3108,9.41177,4.32466
dish_1565974409,601.737,212.212,44.5813,4.17623,45.2018,688.65,228,50,5.48,51.47,283.555,21.0079,1.96795,21.3003,302.039,21.9298,2.40351,22.5746
dish_1558372948,453.172,82.0562,38.9306,17.8095,17.5979,687.939,119,58.905,27.013,26.656,552.271,47.4438,21.704,21.4461,578.1,49.5,22.7,22.4
dish_1560367980,295.6,243.675,15.8507,25.055,17.1152,421.465,254,21.1069,47.2439,25.6649,121.309,6.50483,10.2821,7.02378,165.931,8.30981,18.6,10.1043
dish_1560444914,53.9909,153.959,0.201117,14.0699,0.832331,62.34,166,0.242,15.916,0.906,35.0684,0.13063,9.13873,0.540618,37.5542,0.145783,9.58795,0.545783
dish_1557937335,48.4501,36.6285,0.114706,10.8874,0.545282,47.158,38,0.076,11.172,0.608,132.275,0.313161,29.7238,1.48868,124.1,0.2,29.4,1.6
dish_1563221157,458.633,362.653,24.9626,16.9671,40.924,418.152,352,21.4995,23.9681,33.8052,126.466,6.88331,4.6786,11.2846,118.793,6.10783,6.80911,9.60376
dish_1560526447,79.2469,68.4982,7.3238,2.98835,1.41281,88.5928,70,8.15613,3.41125,1.75003,115.692,10.692,4.36267,2.06256,126.561,11.6516,4.87322,2.50004
dish_1562774159,120.071,167.282,6.36805,15.0344,2.02426,90.7635,129,3.0021,15.4961,1.955,71.7775,3.80677,8.98743,1.21008,70.3593,2.32721,12.0125,1.5155
dish_1563998210,85.3124,61.8855,3.93,1.32174,12.3954,148.089,91,4.95899,2.16319,22.6149,137.855,6.35043,2.13578,20.0296,162.735,5.44944,2.37713,24.8515
dish_1565711498,223.769,201.397,13.9135,8.77858,16.0117,246.827,229,15.9555,10.5682,16.5807,111.108,6.90849,4.35884,7.95029,107.785,6.96746,4.61491,7.24048
dish_1561663606,422.727,298.481,15.7263,36.6525,38.3706,474.503,347,10.8041,40.145,52.6723,141.626,5.26877,12.2797,12.8553,136.744,3.11359,11.5692,15.1793
dish_1558114086,78.0716,152.299,0.219728,1.14304,20.021,74.36,143,0.286,0.429,20.02,51.2621,0.144274,0.750527,13.1458,52,0.2,0.3,14
dish_1558630288,5.18442,11.9656,0.158063,0.575849,0.402873,7.106,11,0.374,0.352,0.671,43.3275,1.32097,4.81252,3.36691,64.6,3.4,3.2,6.1
dish_1563984167,275.714,575.314,1.23736,14.8907,44.3012,291.68,608,1.216,14.184,48.288,47.9241,0.215075,2.58827,7.70034,47.9737,0.2,2.33289,7.94211
dish_1566416701,216.638,147.639,10.7706,4.90096,28.0799,198.537,122,6.64832,2.9001,30.3189,146.735,7.29525,3.31955,19.0193,162.735,5.44944,2.37713,24.8515
dish_1560801797,36.804,96.567,0.548907,6.87649,1.27882,25.6557,96,0.700594,4.10863,1.34487,38.1123,0.568421,7.12095,1.32428,26.7246,0.729785,4.27982,1.40091
dish_1562172643,625.41,438.177,33.6574,22.0446,53.6857,734.27,457,42.56,17.648,62.87,142.73,7.68124,5.03097,12.2521,160.672,9.31291,3.86171,13.7571
dish_1565117463,396.688,218.085,14.1947,47.2426,17.4998,435.313,248,15.939,53.588,19.696,181.896,6.5088,21.6624,8.02428,175.529,6.42702,21.6081,7.94194
dish_1561741063,158.435,182.793,5.62517,7.71212,18.3848,132.3,135,5.805,4.59,14.85,86.6743,3.07734,4.21904,10.0577,98,4.3,3.4,11
dish_1568401233,361.497,373.839,7.29522,19.9283,50.7579,490.393,418,22.6007,32.333,38.632,96.6986,1.95143,5.33071,13.5775,117.319,5.40687,7.73516,9.2421
dish_1565898432,428.555,329.783,28.7252,15.8873,32.7536,450.225,282,25.7611,11.5967,40.6963,129.951,8.71033,4.81749,9.93187,159.654,9.13515,4.11232,14.4313
