dish_id,pred_calories,pred_mass,pred_fat,pred_carb,pred_protein,true_calories,true_mass,true_fat,true_carb,true_protein
dish_1565035746,44.3273,151.929,0.399582,8.79344,1.91002,43.1,149,0.369,9.01,2.409
dish_1558639818,22.7591,67.5988,0.115297,5.53834,0.391337,20.06,59,0.118,4.72,0.472
dish_1558549605,77.7444,59.2063,0.133942,17.6278,1.50746,97.5,75,0.225,21,2.025
dish_1561663580,296.247,197.356,14.2478,16.8346,32.0022,432.063,307,9.84414,31.345,51.4323
dish_1565898402,368.874,250.66,24.2707,11.8961,34.1069,384.799,229,19.5441,9.46281,39.4244
dish_1566328724,221.847,140.557,7.25459,0.209184,37.1114,275.55,167,6.012,0,51.77
dish_1566838351,186.462,372.567,1.11344,44.1318,2.916,190.01,417,0.822,48.034,2.49
dish_1567107839,193.996,141.943,15.1449,5.20831,21.0027,174.284,156,16.4693,11.9807,18.763
dish_1558639787,19.4763,84.4634,0.353454,4.24036,1.57223,24.75,99,0.297,4.95,1.782
dish_1562788601,443.274,299.673,22.5136,33.5819,32.7598,413.17,287,19.1392,48.7664,23.1469
dish_1560456326,168.535,108.245,7.66443,5.64107,20.9575,206.873,138,7.52219,3.79161,29.7421
dish_1564427430,305.652,184.67,18.785,3.82341,29.7716,345.62,170,23.86,2.34,30.79
dish_1565896662,60.9225,57.8823,5.05673,4.67573,0.750693,19.38,57,0.2565,3.6195,1.4535
dish_1566414342,606.472,467.852,23.3169,41.5761,58.9591,846.367,552,31.5787,53.3433,83.5779
dish_1562617703,122.927,91.628,5.84231,5.75895,10.4288,179.63,110,6.49,26.95,4.51
dish_1565020926,386.083,456.483,10.1511,51.4148,24.2064,398.496,489,10.3793,56.516,21.4723
dish_1564689168,366.054,324.62,22.2167,32.4917,16.5539,352.947,339,27.5416,17.7268,15.0812
dish_1560456348,163.972,121.845,7.43024,6.10219,20.5337,210.283,149,7.53319,4.56161,29.9401
dish_1558641287,14.5117,77.3823,0.222806,3.17785,0.68671,11.52,64,0.128,2.496,0.576
dish_1558373008,220.047,60.7349,17.4205,2.84363,11.7653,251.558,73,19.929,3.066,14.089
dish_1561577947,543.426,382.631,24.7455,18.3947,61.5229,623.204,424,33.7829,12.8826,67.2026
dish_1558639440,62.9378,122.546,0.235525,16.8971,0.267595,60.32,116,0.232,16.24,0.348
dish_1565894889,169.101,69.7115,5.78881,21.8529,7.41964,257.813,74,11.168,33.295,6.641
dish_1561147944,42.1853,47.3446,3.86188,2.42737,0.938991,42.371,34,3.64301,2.25893,0.820393
dish_1557937079,124.159,20.5003,9.80397,-0.0685563,8.52066,146.07,27,11.34,0.378,9.99
dish_1558641320,209.074,354.711,1.89646,49.7342,3.69637,211.59,336,3.092,49.056,4.52
dish_1567007848,126.745,242.43,0.916661,29.0976,1.97671,100.3,243,0.58,24.836,1.655
dish_1565810969,11.8202,65.3033,0.406053,2.3119,2.00257,4.6,20,0.08,0.72,0.58
dish_1562168800,188.671,232.822,4.38368,33.5131,3.58394,237.525,242,9.34268,36.3149,3.826
dish_1564687046,364.09,278.92,22.5622,17.9667,30.3958,374.794,308,29.0702,20.4583,33.6856
dish_1563221054,324.584,201.294,20.5267,8.56976,26.9832,298.878,170,17.8911,6.50988,26.9013
dish_1565898361,355.768,207.107,23.6546,8.49969,33.3184,370.671,202,18.8428,7.62006,38.9505
dish_1560367926,416.23,179.359,19.1318,39.9177,25.5422,408.523,194,20.9659,44.9849,24.1559
dish_1560444869,9.13214,30.7914,0.14998,2.0564,0.191366,14.04,39,0.039,3.51,0.195
dish_1559850283,267.262,42.7782,22.6189,11.2579,9.89243,271.707,47,23.265,10.669,10.528
dish_1566502505,402.413,276.562,19.0463,29.4357,29.2671,454.517,275,22.4597,33.1468,31.8749
dish_1565811091,365.777,405.195,13.4991,17.1177,46.0381,504.4,371,17.632,9.06,74.731
dish_1561739265,294.578,311.997,9.60781,41.0453,10.9843,292.04,308,9.989,41.127,10.689
dish_1558373159,841.431,267.995,65.6735,37.9346,35.1052,1013.34,334,79.118,30.505,60.625
dish_1565035830,338.076,447.687,7.84907,15.7833,47.9133,340.128,414,6.475,14.785,54.718
dish_1562788568,277.765,216.765,12.6922,29.2562,16.542,289.203,230,11.7352,46.9172,11.4304
dish_1558376483,825.616,283.755,62.6988,34.5615,37.1726,735.03,270,55.444,32.24,33.301
dish_1561739160,33.6599,58.7413,0.0471828,8.19414,0.410183,34.77,61,0.183,8.54,0.427
dish_1558549773,4.25574,10.8244,-0.0635012,0.40874,0.290073,2.3,10,0.04,0.36,0.29
dish_1561574394,71.4878,94.8337,6.07391,4.18646,2.51763,61.5024,82,4.80367,3.43842,2.36795
dish_1558461760,10.0136,54.4087,0.149691,2.11768,0.440621,10.98,61,0.122,2.379,0.549
dish_1563909469,50.4376,52.3053,4.25196,2.8586,0.972724,72.4028,64,6.90635,2.24837,1.36492
dish_1558376938,49.2895,64.8039,0.114001,12.575,0.435661,51.06,74,0.148,13.32,0.518
dish_1565986733,321.653,239.627,30.5995,11.245,33.6246,387.929,287,35.6928,9.92611,42.9748
dish_1558639555,186.533,349.125,1.32075,43.546,3.98975,156.049,320,1.278,38.18,2.725
dish_1558546558,252.865,39.5035,21.6956,9.93709,9.36298,254.364,44,21.78,9.988,9.856
dish_1563984242,402.856,713.945,4.14256,35.6188,49.0914,402.117,753,3.30239,36.8196,49.4078
dish_1559849097,368.379,284.107,17.2329,48.0074,9.99774,495.928,325,29.044,55.626,14.261
dish_1563566965,327.04,313.417,20.9299,29.5538,11.8686,370.827,286,12.0885,56.2438,13.121
dish_1566849895,68.7717,127.669,2.03237,11.5382,1.44759,112.31,153,7.341,12.821,1.31
dish_1559157919,28.9549,37.8321,2.36897,1.78197,1.02767,37.0946,39,3.32846,1.52336,0.990958
dish_1558113477,276.055,44.7615,23.496,11.0159,10.5708,289.05,50,24.75,11.35,11.2
dish_1559238993,52.1666,92.5544,0.198965,12.9823,0.580124,61.56,108,0.324,15.12,0.756
dish_1562788506,101.138,104.973,2.73217,18.9528,2.45004,114.588,108,2.592,23.76,3.348
dish_1562774129,99.5233,107.534,6.26007,9.92913,1.70515,73.0835,77,2.8981,11.3361,1.539
dish_1559578551,122.225,19.4644,9.70404,0.0986828,8.54796,124.43,23,9.66,0.322,8.51
dish_1562788536,193.08,164.324,7.61076,27.0115,6.79892,245.132,190,6.61,44.752,5.398
dish_1559233756,176.35,174.417,5.20681,24.7765,5.87865,189.85,222,5.242,30.418,6.142
dish_1564428181,449.285,281.801,29.4474,10.4547,38.8117,510.051,320,32.3234,20.955,34.3055
dish_1565118729,406.528,211.615,23.4839,8.60734,36.0746,435.493,248,24.2651,9.01755,41.903
dish_1568305225,394.622,158.702,29.2623,8.79494,20.9502,428.668,144,35.1369,4.89725,24.473
dish_1566414291,329.906,276.858,16.3029,31.3483,16.419,345.142,244,14.7944,46.0217,7.03522
dish_1561661347,60.0817,141.874,2.38446,8.49817,4.58065,50.67,132,1.632,7.215,3.426
dish_1566501575,502.047,392.874,16.3055,18.7839,65.6885,251.694,54,15.552,26.892,3.348
dish_1563218408,275.37,105.046,13.1117,27.8207,12.5712,245.34,87,10.44,27.84,10.44
dish_1561661377,240.649,269.928,14.1455,13.5771,28.0079,306.334,294,8.97279,11.8548,43.7352
dish_1558639876,73.3069,227.733,0.301805,16.6658,2.45171,68.18,215,0.529,15.37,2.767
dish_1566849862,74.0364,62.1325,6.54302,4.54318,0.656389,77.05,67,7.169,4.221,0.536
dish_1566502573,659.16,458.575,28.0025,64.5302,43.2768,821.51,487,43.2062,60.7182,51.1893
dish_1562009810,135.017,84.4671,2.96013,23.2709,2.47437,119.88,108,0.972,24.84,2.808
dish_1564675411,307.026,320.381,10.7494,7.94311,39.1257,235.531,308,7.033,2.708,35.193
dish_1560203424,463.03,129.051,27.0274,39.0355,18.0222,451.754,138,22.272,50.212,14.588
dish_1562790824,543.311,327.786,40.6907,15.175,43.8293,437.072,368,49.8295,19.2739,49.8599
dish_1558030289,36.3851,110.87,0.147365,9.50456,0.547403,38.52,107,0.107,9.63,0.535
dish_1560444985,137.866,247.923,5.12483,18.084,6.36694,198.938,264,10.0954,24.0756,5.12749
dish_1563984140,213.059,386.983,1.26217,2.78037,40.7039,245.44,472,0.944,3.304,47.2
dish_1561662160,51.4769,57.0438,2.72061,5.41122,2.35121,41.8383,36,3.37508,2.75282,0.63016
dish_1558641164,76.1571,143.501,0.173663,20.5763,0.302097,80.08,154,0.308,21.56,0.462
dish_1558110335,50.4812,10.0391,3.88699,0.542976,3.32563,37.87,7,2.94,0.098,2.59
dish_1565811061,335.892,381.497,11.5871,16.6201,41.5096,380.32,324,7.762,9.06,65.801
dish_1559844490,98.275,175.123,0.203996,24.749,1.24736,108.36,180,0.459,27.45,1.359
dish_1562786103,193.842,127.857,5.13564,26.5699,7.30602,93.081,57,3.363,13.965,2.337
dish_1563897087,150.27,206.969,6.22424,12.343,12.8482,102.44,231,0.67,8.169,15.196
dish_1566590007,769.595,434.075,33.7348,49.4106,68.4502,740.762,457,29.2331,57.951,61.7982
dish_1560975517,37.3333,107.471,1.32924,5.75849,3.37212,42.39,99,1.858,4.608,3.064
dish_1557936645,10.2463,30.1409,0.148731,2.30518,0.0566724,11.88,36,0.108,2.88,0.252
dish_1565020796,133.094,111.256,6.65242,0.0924567,16.0863,90.6,99,3.542,0.749,12.06
dish_1559578579,150.312,72.4648,9.9746,3.96379,9.87571,142.58,78,9.825,4.722,8.895
dish_1557862783,468.687,277.578,23.7663,7.92656,48.7937,442.98,258,24.919,3.85,50.416
dish_1560975601,262.982,288.407,14.5173,14.1626,26.2018,233.936,253,8.42107,17.9459,22.7947
dish_1560367952,227.488,167.124,15.2552,16.1425,10.61,414.733,221,21.0739,45.9569,24.9389
dish_1563565454,271.552,265.193,13.512,20.4163,22.6617,350.789,322,22.6869,26.5777,22.2346
dish_1562703408,332.38,191.848,14.8395,28.7493,20.299,311.209,196,12.0492,32.8336,17.4077
dish_1564689138,249.589,189.47,15.1405,23.9767,7.91918,268.267,223,21.9736,15.5228,5.80121
dish_1563221086,361.353,274.169,19.7669,15.2505,30.1459,328.278,254,18.2271,12.3899,28.9173
dish_1567007814,81.9816,158.742,0.291874,19.6646,1.29928,73,152,0.398,17.92,1.109
dish_1565896701,316.789,166.608,21.3928,7.91096,22.669,294.473,184,18.1844,8.32206,25.7472
dish_1557937615,6.31432,17.9747,0.135353,1.4434,0.0199714,6.93,21,0.063,1.68,0.147
dish_1564427455,326.817,245.984,19.8988,8.10705,29.6683,354.26,218,23.956,4.212,31.222
dish_1564588859,192.261,225.066,4.13361,17.7921,20.8428,183.586,257,4.75445,9.57116,23.4361
dish_1561577848,296.968,208.72,11.4618,5.89442,44.4112,413.348,254,13.8416,6.03791,63.1229
dish_1563389600,298.853,252.866,16.0486,6.17265,32.5363,451.428,264,29.046,2.924,44.474
dish_1566316726,356.126,575.496,4.95292,23.3009,46.3731,409.523,685,4.10161,25.3654,57.4902
dish_1562776465,142.924,190.835,3.48368,24.6757,3.51632,173.432,212,4.40542,31.4916,3.63413
dish_1568401261,401.842,383.528,6.91737,23.0707,57.7909,530.393,443,26.3507,34.583,39.132
dish_1559841950,11.587,34.9857,0.189898,2.45599,0.774644,11.2,32,0.128,2.24,0.768
dish_1558375667,569.262,90.6518,48.5338,22.7879,21.7465,687.939,119,58.905,27.013,26.656
dish_1558639482,44.3472,44.91,0.98973,9.50436,1.1929,30.769,29,0.696,6.38,0.899
dish_1566328805,819.948,479.926,28.6816,75.5819,63.4575,927.81,488,28.737,85.054,77.984
dish_1558114145,56.4308,81.0589,0.128666,14.7389,0.482979,57.27,83,0.166,14.94,0.581
dish_1562700593,478.402,389.411,31.8566,18.1782,37.2946,385.774,384,29.8068,18.612,37.0463
dish_1557937574,10.6236,12.4395,0.224483,1.83404,0.236333,5.59,13,0.065,1.196,0.182
dish_1561661324,28.2715,78.3692,1.07296,4.15253,2.58025,33,75,1.575,3.225,2.4
dish_1564588820,58.1017,132.992,0.282996,1.53709,11.2724,81.12,156,0.312,1.092,15.6
dish_1566414225,108.819,121.157,7.68012,5.18676,11.3469,125.182,88,4.18641,17.9417,3.75922
dish_1568305257,724.099,384.481,53.0131,11.1406,43.8431,837.148,420,65.4969,9.31325,52.073
dish_1564773826,16.655,51.2213,0.828241,2.38465,0.445441,10.08,56,0.112,2.184,0.504
dish_1562700496,27.9442,117.262,0.531527,5.72298,1.96513,31,124,0.372,6.2,2.232
dish_1566850099,99.6479,87.3149,8.60734,5.39145,2.054,113.058,112,10.6873,4.14074,1.52555
dish_1560975628,362.266,292.335,16.1226,31.7339,26.8731,348.273,296,12.4631,32.3509,27.6107
dish_1558461431,3.20267,9.7857,0.207327,0.499925,0.200258,1.15,5,0.02,0.18,0.145
dish_1558635618,232.744,349.061,2.05359,53.5663,6.21999,220.254,334,2.439,49.7,5.606
dish_1561148021,318.442,199.834,15.5975,23.4145,22.4108,361.765,216,19.9488,23.6116,22.2041
dish_1566328745,245.283,208.538,6.66508,1.81138,43.9603,282.03,203,6.084,1.404,52.094
dish_1558373074,70.5309,138.632,0.216708,15.3974,1.39181,73.84,142,0.284,0.426,19.88
dish_1561662869,231.887,169.328,10.1296,9.22991,32.0262,284.346,192,9.2427,10.2828,38.791
dish_1558544663,118.087,147.798,3.58006,11.9293,11.5895,141.44,208,2.912,24.96,4.992
dish_1564588919,320.768,390.66,6.23428,44.6627,20.4779,335.944,452,7.60681,41.0018,25.0932
dish_1563909580,467.584,303.109,14.9296,63.7433,17.9952,544.312,361,20.1222,74.1441,18.4818
dish_1565894858,21.4911,28.4856,0.981119,2.32129,0.849137,132.84,27,6.75,17.55,1.377
dish_1564689078,53.8751,37.6106,4.72438,2.3084,0.656426,72.3608,55,6.58469,2.95896,1.45029
dish_1566414412,548.955,449.84,29.5677,32.0483,45.0345,920.12,658,37.8124,57.0623,85.3348
dish_1566502537,477.951,323.568,22.2788,33.3626,37.0541,517.644,315,24.2722,34.2924,41.8278
dish_1558718587,14.4899,59.3888,0.268838,3.14644,0.920575,10.25,41,0.123,2.05,0.738
dish_1563551164,293.741,249.192,8.16903,36.1211,15.9535,339.756,270,8.32785,46.7571,17.7567
dish_1558720236,781.171,441.835,54.6474,58.3953,28.528,887.823,407,66.44,60.461,31.913
dish_1562776497,295.173,256.189,17.1865,20.4041,14.9882,291.832,292,13.2054,32.7716,11.6341
dish_1563565289,83.2213,90.6613,1.9126,16.1113,2.35169,93.368,88,2.112,19.36,2.728
dish_1559849412,316.01,54.8069,26.6055,13.2218,12.0909,352.641,61,30.195,13.847,13.664
dish_1559934477,20.2654,49.1275,0.748234,2.15127,1.39437,25.08,57,1.197,2.451,1.824
dish_1557936599,16.9369,48.9946,0.244161,3.65502,1.16469,22.05,63,0.252,4.41,1.512
dish_1563565354,264.812,204.564,14.238,16.2098,25.9652,272.315,193,15.7771,23.0455,20.0397
dish_1561405411,326.086,246.759,15.7101,29.5137,22.2865,332.063,282,8.51106,25.6754,37.2279
dish_1566502472,134.425,129.099,7.10748,16.6371,3.32884,132.919,119,7.73538,15.9246,3.41666
dish_1566838317,117.532,265.273,0.43488,29.453,1.46355,114.2,284,0.423,29.414,1.559
dish_1565123881,361.298,360.41,17.1443,30.5228,24.8906,406.822,515,19.3555,31.0019,30.0632
dish_1563551134,243.143,164.473,6.24395,29.6513,14.9525,246.92,173,5.962,29.723,16.8104
dish_1558718906,393.003,256.687,23.7156,40.2688,13.1929,282.58,247,14.228,36.891,9.815
dish_1562963289,302.402,153.348,11.2619,36.3951,13.5589,349.918,180,12.686,43.364,15.52
dish_1562790775,86.7352,61.8999,7.98907,2.80641,1.19945,75.6863,40,7.80315,1.51952,0.394182
dish_1560801041,363.08,322.767,17.0313,23.6214,32.5493,432.244,292,10.6634,63.2459,25.6701
dish_1565123816,249.67,111.289,11.6909,14.5745,18.9267,250.917,110,12.352,13.9509,19.2417
dish_1558031351,13.3064,41.9998,0.122856,3.46626,0.150016,12.3,41,0.041,3.116,0.246
dish_1559841979,35.852,87.4214,0.26733,8.59682,1.2146,39.29,85,0.287,9.13,1.192
dish_1560203400,352.447,96.099,19.2682,33.1628,12.6389,293.28,104,12.48,33.28,12.48
dish_1563294987,116.887,29.1358,9.23744,0.208679,8.07103,97.38,18,7.56,0.252,6.66
dish_1563208412,65.9826,40.7741,4.96398,1.59891,5.42837,62.4,39,3.9,1.17,5.46
dish_1557862696,43.79,53.2018,0.266213,8.78392,1.12627,19.25,77,0.231,3.85,1.386
dish_1561739212,165.406,236.388,1.94393,25.1531,10.3961,134.01,214,0.325,23.797,8.347
dish_1564675380,97.521,18.1906,7.70263,0.964526,6.12158,87.331,23,6.463,0.713,6.693
dish_1564773903,208.41,292.683,10.112,24.8192,13.1867,316.828,336,16.0868,25.0912,19.5803
dish_1558376768,68.9264,133.592,0.286486,12.7837,2.81622,74.36,143,0.286,0.429,20.02
dish_1563897047,194.067,168.718,7.96417,10.3526,19.6912,66.04,127,0.254,0.889,12.7
dish_1562172561,169.463,311.875,1.45296,2.19244,31.2682,150.8,290,0.58,2.03,29
dish_1563551194,404.926,355.35,12.5752,48.2775,24.505,471.644,400,14.0459,57.6709,27.8428
dish_1558113430,12.129,24.201,0.284944,1.72233,0.789201,7.84,28,0.112,1.484,0.616
dish_1565035774,65.6906,193.429,1.52155,11.3553,3.00188,57.5,185,0.441,12.25,3.129
dish_1563551105,190.919,66.7839,5.53577,27.9178,6.01531,194.4,72,5.76,29.016,6.7104
dish_1566850142,407.001,284.327,23.5566,11.6109,36.2507,464.951,284,31.7532,9.05255,35.2261
dish_1561574368,15.5336,46.7616,0.798075,1.73555,1.4569,22,50,1.05,2.15,1.6
dish_1562085672,228.962,86.1128,7.63416,29.3989,8.5221,122.084,46,1.932,19.458,6.21
dish_1560526472,120.211,112.113,8.61885,9.56019,2.34121,113.673,114,8.28813,9.57125,2.05802
dish_1566328776,793.864,409.309,29.4037,69.4859,62.338,901.81,436,28.685,78.294,77.724
dish_1566501594,545.54,399.297,19.1421,21.6997,66.5953,508.049,109,31.392,54.282,6.758
dish_1560368019,491.01,335.573,25.2787,43.983,28.73,436.966,301,21.6599,49.9625,26.1257
dish_1561393764,270.125,162.847,19.5737,5.93405,18.3885,280.8,182,20.096,5.524,19.066
dish_1558641200,11.3234,26.4908,0.0684728,2.82514,0.0927746,3.28,8,0.016,0.8,0.072
dish_1558639412,25.7033,78.2422,0.120099,6.2417,0.494103,32.98,97,0.194,7.76,0.776
dish_1565123783,95.1144,35.7129,3.40679,11.655,4.15114,93.065,35,3.29,11.725,3.92
dish_1559157777,3.03024,11.9293,0.130425,0.357538,0.336798,2.53,11,0.044,0.396,0.319
dish_1567785739,146.169,164.33,5.39632,21.7013,2.3419,168.576,177,9.34853,21.4643,1.38238
dish_1564588889,258.832,348.948,4.08672,30.1771,24.1142,234.494,346,5.02145,22.3872,24.0591
dish_1561667207,254.503,112.567,11.979,19.4966,14.3102,249.445,121,11.4208,13.3582,22.0734
dish_1559850314,252.182,80.1263,20.0601,14.095,8.95183,296.617,100,23.318,17.029,11.005
dish_1559233445,16.6032,42.3312,0.152422,4.57622,0.294421,24.5,49,0.049,6.37,0.245
dish_1558030182,63.0317,75.8902,0.0336067,14.1217,1.26087,67.76,88,0.088,14.96,1.76
dish_1567007719,15.2119,45.9893,0.124662,4.03654,0.218016,14.28,42,0.084,3.36,0.336
dish_1567785709,108.632,131.341,4.39811,15.8872,1.3674,131.251,138,8.39731,14.6155,1.00189
dish_1558546434,4.46551,10.9464,-0.000984574,0.440501,0.361045,2.53,11,0.044,0.396,0.319
dish_1560801773,17.9168,41.8991,0.57226,2.16445,1.02229,13.5,54,0.162,2.7,0.972
dish_1561662926,280.229,197.451,10.6566,9.81446,37.472,288.336,213,9.2847,11.0598,39.169
dish_1565035858,397.952,564.793,9.25849,23.264,51.502,375.228,531,6.709,23.677,55.42
dish_1565030391,359.074,249.51,24.703,15.2762,22.8909,609.334,313,37.0479,12.059,52.5975
dish_1562774099,61.7128,64.0142,5.528,2.69946,1.02966,51.9935,40,2.7871,6.15613,1.28
dish_1560801020,282.551,301.932,11.4881,21.3979,27.8434,346.34,250,5.89849,61.691,17.0954
dish_1562690886,23.0151,39.0987,0.967164,3.03265,1.13189,20.6117,37,1.04683,2.52683,0.866341
dish_1564428144,194.339,139.243,12.3723,6.03691,15.2432,205.213,171,14.0745,16.7,5.11141
dish_1560456305,18.8051,16.3488,1.4669,1.1574,0.870217,26.3916,21,2.24987,1.34832,0.547266
dish_1565117429,373.202,138.51,13.9832,45.0356,15.844,390.873,147,13.818,49.245,16.464
dish_1564773876,139.58,180.822,11.5216,8.45808,12.8381,258.328,219,15.9698,9.8812,18.9953
dish_1560526552,428.189,345.54,25.3329,32.4665,19.3793,359.241,319,21.7821,28.0192,14.592
dish_1560526408,84.1943,52.8471,6.32387,3.10068,4.90444,67.0982,51,6.10581,2.74377,1.34482
dish_1562963325,618.385,341.209,24.0688,71.0567,30.0995,760.162,379,31.4689,65.3333,51.8225
dish_1557937037,15.1958,40.8796,0.11704,3.69369,0.227541,25.97,49,0.343,5.88,0.588
dish_1561662216,398.318,241.098,19.9165,21.0601,33.4158,300.794,193,12.3875,28.2183,18.634
dish_1562099134,225.124,142.465,13.4652,15.0423,12.9159,271.641,188,14.0426,18.565,17.7347
dish_1562008936,34.8692,96.3594,1.83411,3.69655,3.18884,57.64,131,2.751,5.633,4.192
dish_1565020867,289.21,312.156,9.07737,34.2732,17.162,255.805,325,6.23068,35.7363,13.9011
dish_1558720133,14.1872,53.6754,0.283739,2.98016,0.899954,14.25,57,0.171,2.85,1.026
dish_1561739238,285.635,278.3,9.23332,38.6901,10.6151,274.19,257,9.785,37.557,9.465
dish_1565711570,632.802,309.981,42.706,34.8646,27.4012,603.827,324,41.2555,34.2361,26.6187
dish_1562774206,327.806,327.939,20.4454,22.3383,15.8066,298.764,272,16.5481,26.3121,12.147
dish_1561148042,336.694,242.694,17.0674,25.8473,23.6678,370.755,245,19.9778,25.6416,22.7261
dish_1560444931,110.69,189.699,3.82957,14.7364,4.98575,112.66,200,3.982,16.46,4.306
dish_1558031302,50.6506,71.4307,-0.0560961,11.9099,1.02162,56.98,74,0.074,12.58,1.48
dish_1563566939,255.223,252.811,14.974,25.505,10.5264,286.027,238,6.80459,48.8692,10.5085
dish_1566587102,202.063,122.758,10.0828,5.79135,22.8551,213.599,146,7.50594,8.09058,27.1474
dish_1561405332,16.9367,51.9184,0.545325,2.8461,1.2643,18.55,53,0.212,3.71,1.272
dish_1564687013,332.769,198.303,22.1233,10.7415,30.4705,330.841,224,26.8883,14.7253,32.2114
dish_1563996464,121.32,166.144,9.33825,8.52164,3.18427,100.489,146,7.86764,6.6671,3.0179
dish_1563998279,431.927,251.171,23.6699,19.5442,34.7364,565.005,296,31.6523,21.4025,47.9605
dish_1565020755,67.5945,13.8158,5.37127,0.065567,4.8377,43.28,8,3.36,0.112,2.96
dish_1557937758,97.0434,122.745,1.14414,20.1989,1.87029,106.783,128,2.262,18.932,3.53
dish_1559850338,278.268,120.006,21.9581,16.3574,10.5393,307.117,130,23.438,19.129,11.725
dish_1563305513,526.284,198.835,18.802,65.654,22.4359,606.252,228,21.432,76.38,25.536
dish_1563389548,307.161,164.696,15.1719,2.61875,37.3667,438.828,194,28.906,0.194,43.844
dish_1565898128,220.737,147.57,9.6063,5.40885,30.0087,209.031,134,8.73466,6.1544,24.2715
dish_1558549413,590.386,96.0741,50.5568,22.3477,22.9889,682.158,118,58.41,26.786,26.432
dish_1562703345,142.914,57.5197,5.649,17.7109,6.17932,154.28,58,5.626,19.14,6.38
dish_1565030350,92.7533,66.194,8.00399,3.90048,1.06259,62.5857,62,5.91621,2.29219,0.844501
dish_1562774180,176.738,213.286,8.49015,23.426,3.0613,164.084,181,6.5381,24.8561,3.047
dish_1559239256,56.0971,117.249,0.176611,14.3148,0.92923,60.16,128,0.128,15.36,1.152
dish_1563566909,183.895,187.087,8.79827,24.0017,6.41065,222.53,187,0.748,46.75,9.35
dish_1563984199,331.181,647.257,1.86082,21.8199,49.2551,322.68,670,1.278,22.244,48.598
dish_1558722125,494.761,79.3038,42.5172,19.6192,19.1428,497.166,86,42.57,19.522,19.264
dish_1565123845,263.214,182.585,12.4752,18.6128,18.2659,268.662,201,12.7615,17.4999,20.0152
dish_1562168696,91.4298,168.626,2.89531,15.8525,1.59757,95.1148,141,2.47468,18.1349,1.705
dish_1567785778,294.967,278.945,14.0079,29.3154,16.7983,303.508,310,15.1985,32.6299,11.7012
dish_1564687090,444.924,380.08,27.2592,26.8941,36.8228,498.019,416,32.7401,40.4855,38.0895
dish_1563909507,85.1075,121.292,5.35911,8.21957,2.71898,117.926,151,9.16618,8.18612,2.89177
dish_1560526530,224.442,241.455,10.2205,28.8482,4.52174,245.281,242,13.3121,26.7872,6.89202
dish_1563295044,242.365,154.657,12.2081,22.0265,10.4725,241.975,158,12.1672,25.8452,7.93387
dish_1559844272,414.247,75.3492,35.3353,16.4143,15.9165,462.48,80,39.6,18.16,17.92
dish_1561578800,315.728,135.433,13.9474,34.3701,12.3508,338.355,146,14.5396,38.5942,13.2719
dish_1562099157,222.031,168.404,13.0534,16.5733,12.546,277.531,207,14.0616,19.895,18.0767
dish_1562703447,197.602,135.065,12.4558,16.1273,5.93512,384.426,259,17.9556,37.651,18.5105
dish_1566587143,246.132,193.923,11.6823,10.9708,24.5311,354.399,234,20.7059,16.0106,28.9074
dish_1562618000,426.251,380.472,24.7621,15.8774,43.4308,685.994,448,36.104,30.8214,59.1597
dish_1566851704,455.543,317.237,18.7832,38.8389,32.5436,461.16,348,18.997,46.817,26.7119
dish_1566587182,383.022,330.987,20.848,20.9442,27.1488,531.261,377,37.3619,22.5017,31.3715
dish_1558718680,232.188,35.7048,20.2165,8.93658,8.79511,132.963,23,11.385,5.221,5.152
dish_1563898019,318.762,197.609,21.259,7.08849,23.149,343.977,237,22.6345,10.4993,24.1809
dish_1558718610,98.3578,94.3845,2.04584,20.7875,2.8664,113.527,107,2.568,23.54,3.317
dish_1565894910,430.087,160.132,16.4359,51.9559,18.3373,537.113,179,21.353,67.945,18.191
dish_1561578865,391.124,260.119,17.0965,45.0734,15.6921,417.185,246,17.3019,49.7071,16.7359
dish_1568401167,257.187,186.718,5.26162,5.6019,45.0842,426.36,228,20.976,20.976,36.936
dish_1564689219,450.574,399.336,25.5696,41.502,22.359,506.847,474,28.0816,44.7268,27.2312
dish_1563984296,437.196,835.491,3.51472,48.576,48.1008,436.337,871,3.53839,44.6076,51.1778
dish_1558110478,205.001,157.008,8.05779,23.1897,8.72574,205.439,161,6.801,27.932,8.301
dish_1563295016,161.753,88.6315,10.1435,7.16969,9.54791,127.88,79,7.621,8.182,6.965
dish_1557861216,6.12977,6.44414,0.392341,0.621786,0.276014,0,1,0,0,0
dish_1558376801,6.9075,13.9536,0.0590781,0.756965,0.247021,4.2,15,0.06,0.795,0.33
dish_1561739188,105.271,122.36,0.718807,23.9657,1.27891,97.09,143,0.183,23.3,1.247
dish_1565020822,238.84,192.238,9.64256,17.1327,17.2835,180.565,193,5.83468,17.2563,12.9771
dish_1561667238,285.761,177.338,12.6074,23.8673,18.7151,268.805,165,12.3448,15.2502,23.4814
dish_1558114209,28.9008,86.9729,0.152901,6.833,0.618369,30.6,90,0.18,7.2,0.72
dish_1561654392,499.955,269.184,35.692,10.5338,32.9912,494.065,282,35.0814,13.5552,30.9143
dish_1564160043,256.23,100.608,2.4332,46.4049,10.8323,245,98,1.47,48.02,9.898
dish_1558376364,47.9508,64.3824,0.112333,12.2855,0.408731,48.99,71,0.142,12.78,0.497
dish_1566849987,499.114,424.167,18.7473,16.1187,64.0662,562.97,540,16.635,20.534,80.741
dish_1563898107,410.83,360.743,20.0935,31.9957,24.043,440.693,424,23.1175,34.8013,25.4519
dish_1558635489,98.5131,90.2167,2.27311,20.5778,2.84924,78.514,74,1.776,16.28,2.294
dish_1566589933,193.248,123.301,7.77721,3.2569,27.5689,89.06,122,5.856,2.318,9.76
dish_1568401199,338.983,243.034,7.30809,15.0143,49.4582,459.643,343,22.4507,24.833,37.957
dish_1563898084,410.712,338.853,21.4058,28.0078,24.9495,419.493,384,22.8375,30.0013,24.9719
dish_1565898158,232.08,206,11.4193,10.651,28.2153,240.426,194,10.2932,10.2494,25.3245
dish_1560368464,285.159,234.649,9.87397,20.453,27.5797,349.45,275,18.0624,16.8071,29.0512
dish_1565898230,649.127,436.127,34.7984,19.437,63.4669,780.202,500,42.6769,19.7311,73.946
dish_1566316757,401.33,678.707,6.22781,28.5913,52.019,448.383,819,4.36961,34.2094,59.5002
dish_1566849923,85.5932,209.687,2.63415,15.0201,2.11273,127.97,240,7.515,16.214,2.093
dish_1562009934,557.55,395.266,22.4161,42.7002,49.5627,434.914,369,15.6236,62.2436,12.7074
dish_1560456370,241.093,173.489,8.94568,21.4206,21.2802,258.383,186,7.64419,14.9216,30.9391
dish_1561741090,113.338,211.731,1.80652,13.215,10.1852,161.54,221,5.977,11.47,15.538
dish_1565811000,369.598,260.378,13.6415,6.04113,53.2841,342.85,225,7.46,0.72,64.13
dish_1560444892,27.1608,71.1713,0.13158,6.99015,0.505916,39.54,90,0.09,10.14,0.45
dish_1563565508,281.341,287.697,13.8514,21.0378,24.2055,403.862,387,24.7617,32.0267,26.2644
dish_1556575327,100.647,160.093,6.24116,11.7696,2.78447,103.3,152,6.882,10.618,2.868
dish_1564428102,69.6671,56.4165,6.15608,2.88211,1.30913,133.22,107,12.707,4.44612,2.43063
dish_1558376306,346.973,99.4593,27.1743,3.39386,19.9014,372.168,108,29.484,4.536,20.844
dish_1561654374,294.72,231.663,20.5576,11.6297,17.8936,326.356,251,22.0614,13.1212,19.4443
dish_1566328831,844.157,488.581,31.437,77.4108,61.9779,941.61,500,30.021,85.81,78.08
dish_1562168673,33.6874,95.9082,1.27076,5.09153,1.27055,56.3548,73,2.27068,8.6149,1.229
dish_1558375886,892.719,237.002,71.0298,36.4654,37.7192,1050.51,277,84.153,42.757,44.874
dish_1564773976,388.061,393.534,15.6652,25.3138,40.8815,516.089,463,22.1498,26.4142,52.7143
dish_1566851584,257.856,184.069,10.3024,29.8563,11.6027,286.295,222,10.867,34.366,13.904
dish_1560800988,239.247,262.671,10.8561,24.4624,17.0386,314.866,230,5.11504,61.2491,11.7276
dish_1559849497,421.294,277.753,22.9796,47.4028,12.0411,521.433,340,30.552,58.439,15.014
dish_1562008979,365.835,261.107,22.0831,13.3709,32.4772,382.937,290,22.2246,10.1736,35.3454
dish_1560445004,268.49,286.151,14.6577,19.7393,15.333,339.598,290,21.0154,24.4396,14.7475
dish_1561662190,244.321,162.117,12.4724,19.7574,15.0955,117.318,104,3.98708,18.3928,2.39816
dish_1559844366,488.528,178.301,36.4843,30.661,17.7764,529.22,192,39.886,34.91,19.231
dish_1563998244,187.306,146.064,9.13873,14.5839,14.3343,259.479,170,10.331,16.3832,24.2739
dish_1566838378,298.748,428.866,9.38915,45.0058,10.3539,286.21,482,7.972,49.074,8.99
dish_1566851616,275.294,208.918,10.433,33.2274,12.4866,300.779,248,11.6026,36.1416,14.5128
dish_1565034605,64.8667,51.0154,4.96325,4.37616,0.858202,52.4912,52,4.96198,1.92248,0.708292
dish_1558030435,265.257,211.31,11.9946,24.9672,12.9182,246.94,221,11.115,24.954,11.915
dish_1558114284,157.315,304.009,0.00888227,40.8983,1.6253,162.23,316,0.632,22.569,21.321
dish_1565638515,160.15,146.98,8.52294,5.78154,17.9809,198.971,165,10.7591,8.95036,16.705
dish_1558376212,287.697,47.6989,24.717,10.4975,11.3066,300.612,52,25.74,11.804,11.648
dish_1560975491,31.5652,91.4754,1.42781,4.33791,2.86099,37.84,86,1.806,3.698,2.752
dish_1565035715,11.4578,35.8291,-0.0144695,2.61876,0.144089,15.6,39,0.039,3.51,0.429
dish_1558375833,267.683,77.1355,21.169,3.33314,14.5809,317.032,92,25.116,3.864,17.756
dish_1561574428,92.556,196.772,5.28373,9.84302,4.47877,84.0024,172,5.07367,7.93842,3.98795
dish_1561147997,185.728,128.795,8.87763,20.0108,7.57096,185.18,133,8.62901,20.6399,7.06039
dish_1565974375,423.359,101.259,32.7274,1.32122,29.2052,459.85,85,35.7,1.19,31.45
dish_1560801829,240.936,153.609,8.64415,31.219,9.06136,256.896,178,10.5406,30.3486,11.1849
dish_1561574848,200.409,180.24,9.39114,7.01318,23.7736,182.258,155,10.2344,4.81575,18.0553
dish_1558722171,21.0359,85.4801,0.39242,4.40684,1.44791,24.25,97,0.291,4.85,1.746
dish_1559844323,460.207,141.997,34.7399,28.2365,16.4365,518.37,161,39.762,32.74,18.487
dish_1568401302,646.069,555.578,15.8036,57.9528,67.0472,716.479,561,28.9467,69.865,44.678
dish_1558461607,75.2153,109.203,0.139966,19.1118,0.758849,87.63,127,0.254,22.86,0.889
dish_1558031394,209.344,292.233,0.88862,48.6174,3.06371,237.41,318,0.521,55.476,4.23
dish_1562172600,240.896,379.86,3.4602,20.2909,26.4815,263.6,370,6.02,16.43,30.68
dish_1562790855,721.227,428.156,50.2724,20.4852,67.505,739.376,507,67.8848,23.7834,78.4317
dish_1560526514,216.918,236.972,9.58779,28.4987,4.21471,183.253,224,8.39813,26.0312,3.41803
dish_1558546663,313.627,176.602,20.3801,27.4773,10.4449,330.734,197,22.108,30.264,10.601
dish_1560368570,449.197,381.828,24.3385,18.49,45.4228,555.933,452,39.1879,27.1336,46.5131
dish_1565638550,241.729,202.936,10.9412,8.05467,29.5072,277.657,215,12.7177,10.0551,30.1245
dish_1563897938,41.4711,5.97183,3.31263,-0.0254572,2.71585,54.1,10,4.2,0.14,3.7
dish_1558376734,165.157,41.9059,13.0623,2.46333,8.87959,206.76,60,16.38,2.52,11.58
dish_1567785622,39.6215,61.9915,0.381124,8.95263,0.402859,30.78,54,0.162,7.56,0.378
dish_1558639526,24.2518,55.0464,0.143303,5.63825,0.406191,31.98,78,0.156,7.8,0.702
dish_1559849053,307.235,107.649,21.444,23.3566,10.2525,381.528,125,28.844,25.226,13.461
dish_1558031237,29.302,86.1178,0.154152,6.82845,0.571952,31.62,93,0.186,7.44,0.744
dish_1564773847,113.284,131.639,9.48154,4.79917,12.3047,238.028,161,15.7378,5.8212,17.6033
dish_1566590056,788.521,464.113,37.2436,47.431,64.8923,815.648,519,34.7122,63.9271,62.9269
dish_1564773942,372.899,367.844,14.7808,21.9127,42.6487,491.94,442,19.9028,25.0912,52.5463
dish_1561393715,23.3762,43.1103,0.783099,3.24529,1.50398,17.15,49,0.196,3.43,1.176
dish_1563897981,236.38,125.626,17.1533,2.45379,15.0951,243.54,138,18.28,2.188,16.5
dish_1558545738,76.293,135.161,0.125681,20.5972,0.25278,73.84,142,0.284,19.88,0.426
dish_1558718649,24.0126,70.4924,0.126518,5.9261,0.420935,25.84,76,0.152,6.08,0.608
dish_1562690950,118.291,229.188,1.1996,25.2551,2.38514,109.062,202,1.38183,24.8268,1.86134
dish_1564689108,204.781,130.576,11.2023,21.4307,7.52431,203.662,159,15.8665,13.1567,4.92947
dish_1561578775,260.01,94.4507,9.31192,31.109,11.1469,295.149,111,10.434,37.185,12.432
dish_1558110385,45.5338,31.4971,2.82705,0.839168,3.5121,52.87,34,3.57,0.408,4.25
dish_1563998513,607.633,570.199,32.3855,32.6796,50.0623,757.505,599,38.7363,51.5525,54.2395
dish_1559844458,50.439,70.1742,0.0611874,13.0009,0.595068,55.89,81,0.162,14.58,0.567
dish_1566316681,126.139,114.692,3.46274,20.8692,1.04573,116.763,122,2.97561,21.4244,1.19024
dish_1566851549,216.354,78.8121,7.86683,26.1362,9.09554,226.015,85,7.99,28.475,9.52
dish_1565034681,337.363,176.003,16.622,34.1415,12.9627,323.553,185,18.9325,29.1877,10.4222
dish_1558635523,28.6344,24.9297,0.148118,6.42782,0.487191,55.9,43,0.129,12.04,1.161
dish_1559239369,152.103,246.351,2.10703,31.4168,3.16724,130.92,276,0.612,31.92,3.068
dish_1566849955,96.7848,232.106,2.61206,17.3862,2.43242,147.17,288,7.563,20.534,2.621
dish_1559849537,440.146,329.338,23.316,52.0628,12.3841,549.523,393,30.711,65.329,15.438
dish_1562776428,33.8067,71.3117,1.11964,5.58418,2.15552,33.6998,66,0.844443,5.85257,2.20974
dish_1560800918,76.9672,73.1942,6.80753,3.87699,1.85199,70.8256,40,3.92504,7.7291,1.98356
dish_1565898193,273.352,268.739,14.9129,11.9259,27.4707,291.914,268,14.645,12.8457,26.551
dish_1558376874,346.923,58.4741,29.4078,13.4408,13.6964,335.298,58,28.71,13.166,12.992
dish_1558630176,67.0328,134.222,0.156821,17.4345,0.364221,73.84,142,0.284,19.88,0.426
dish_1565034635,117.885,93.738,9.47675,7.29044,1.80715,124.089,110,11.7655,4.25774,2.1002
dish_1561405356,144.166,159.269,9.09643,6.13227,19.5555,206.645,176,4.1984,7.49685,33.4136
dish_1557937427,25.3735,17.073,1.6376,0.312373,1.74137,26.435,17,1.785,0.204,2.125
dish_1563551220,502.24,517.283,13.8732,66.668,29.6061,561.704,558,14.5199,79.7909,28.9488
dish_1560368506,427.629,335.159,18.8786,24.7218,43.275,462.934,378,31.2597,22.3824,44.5846
dish_1566589967,511.597,290.977,25.8483,12.1973,57.5275,381.662,322,16.1381,13.401,46.9482
dish_1560444948,135.161,219.485,5.9265,15.698,6.38578,171.317,231,10.0294,17.6376,4.61149
dish_1560975572,82.0794,181.42,3.91559,8.93617,7.36241,96.99,159,2.158,16.068,5.584
dish_1558719994,613.807,98.0069,52.2946,24.6979,23.4688,768.873,133,65.835,30.191,29.792
dish_1563208439,98.3156,95.5477,5.76936,7.0304,6.46475,92.61,96,4.299,8.01,6.144
dish_1566920304,298.219,573.39,1.52083,5.44717,57.0439,296.4,570,1.14,3.99,57
dish_1561393741,141.661,138.185,9.87056,6.28339,9.66006,188.83,165,12.956,5.286,12.776
dish_1557862738,268.129,108.24,15.8011,2.50121,23.6948,319.78,118,22.42,0,29.5
dish_1559233627,46.9333,7.12473,3.78023,0.174365,2.98121,64.92,12,5.04,0.168,4.44
dish_1565896745,348.691,221.556,25.4045,9.48067,19.4928,368.54,244,25.2225,10.7378,27.1871
dish_1562099076,69.2417,40.6163,2.35087,8.95914,2.46444,110.181,61,3.76195,14.7624,4.35723
dish_1562700568,330.078,335.104,22.5265,17.8528,25.0385,246.864,318,21.8322,16.6532,23.5632
dish_1566838286,68.2252,128.341,-0.0384795,17.2147,0.622618,72.5,145,0.145,18.85,0.725
dish_1561147967,180.324,95.4575,8.62313,19.4358,6.81131,177.98,85,8.43701,19.3439,6.53239
dish_1563565415,295.475,278.26,15.8714,19.6488,29.076,303.477,284,18.1741,24.9987,21.3714
dish_1558722247,587.043,288.589,42.4421,42.1297,20.8303,604.616,343,43.181,46.772,21.49
dish_1566920365,486.475,814.036,7.16304,31.3472,66.383,490.422,871,5.32444,41.3936,60.676
dish_1561574815,99.5603,114.059,8.13122,6.03812,2.60609,74.853,89,6.63781,3.24684,1.6533
dish_1565118782,521.658,330.065,35.5697,16.0137,36.3524,557.522,353,34.1091,17.0466,43.741
dish_1562168648,21.7746,34.7084,1.95143,1.57102,0.62347,41.5948,32,2.22968,4.9249,1.024
dish_1563996485,182.359,224.805,12.8115,16.1305,4.9445,178.039,201,11.6076,16.5671,4.1729
dish_1567785654,60.9449,104.967,0.0353602,15.4236,0.701711,51.78,96,0.204,13.02,0.588
dish_1558113941,346.385,74.871,29.3064,14.7066,13.1139,296.89,78,24.862,12.834,11.816
dish_1557937157,358.375,278.003,22.422,13.8181,24.1944,355.25,271,22.123,14.7,24.342
dish_1558719570,71.7489,130.824,0.159941,19.2126,0.291082,74.36,143,0.286,20.02,0.429
dish_1560367904,125.059,71.3033,8.87548,2.46159,12.8045,76.0231,69,8.84091,3.73491,10.4059
dish_1558375732,40.2616,56.5228,0.0470273,10.6077,0.364208,45.54,66,0.132,11.88,0.462
dish_1565711453,175.313,114.441,12.7049,1.14795,12.1395,198.32,134,14.74,2.144,13.4
dish_1557862345,97.573,48.4653,3.12593,-0.318638,15.9579,103.95,63,2.268,0,19.53
dish_1566851677,352.008,253.201,13.5433,34.3933,22.8753,354.774,296,12.6282,45.3321,16.5234
dish_1560368395,36.3801,106.368,0.0674611,9.54684,0.385568,49.32,137,0.137,12.33,0.685
dish_1562876531,41.8263,83.8407,2.78775,3.68799,3.1288,66.0669,85,2.41063,3.07995,8.37574
dish_1566920339,442.9,696.935,5.24348,30.0336,60.0631,449.532,730,5.04244,32.0876,58.561
dish_1558717604,71.8859,133.154,0.121527,19.5927,0.153983,73.84,142,0.284,19.88,0.426
dish_1561574456,216.581,241.014,9.53827,25.3754,9.96075,203.657,217,9.30367,23.0134,9.02795
dish_1563478751,707.032,408.192,37.4607,43.167,47.7374,950.395,545,45.304,54.1333,74.7722
dish_1558376437,10.6903,30.6776,0.146638,2.554,0.109683,13.26,39,0.078,3.12,0.312
dish_1561654346,83.7273,89.9743,5.29717,8.75536,2.16577,79.1955,84,3.69135,10.4492,2.74428
dish_1559842047,147.636,271.181,0.243658,37.4516,1.97884,153.69,285,0.487,39.53,1.992
dish_1562009894,239.295,192.314,10.8962,29.826,6.60884,244.807,200,12.0125,29.8856,5.6285
dish_1565118700,45.8353,33.5213,3.59415,2.93207,0.495344,16.66,49,0.2205,3.1115,1.2495
dish_1563221025,275.342,157.21,13.2874,6.31004,31.3295,245.446,123,12.9888,4.35962,25.9468
dish_1558461692,202.509,33.2209,17.4173,8.28672,7.50405,231.24,40,19.8,9.08,8.96
dish_1558031133,120.004,89.7356,0.445021,26.6334,1.15645,136.51,110,0.22,32.34,1.76
dish_1563565323,192.306,155.569,8.91051,15.2287,17.8068,229.53,152,10.8405,21.6514,14.4051
dish_1562617939,119.432,98.8572,10.6347,5.55509,2.06078,234.966,133,14.6408,20.4339,7.2388
dish_1558722207,79.9302,155.878,0.218864,21.061,0.367958,83.2,160,0.32,22.4,0.48
dish_1558635546,65.9247,129.208,0.178935,17.2935,0.339834,60.84,117,0.234,16.38,0.351
dish_1558639849,19.9962,53.6459,0.117665,5.0397,0.311222,23.37,57,0.114,5.7,0.513
dish_1565020895,347.232,382.354,10.8638,41.0576,22.3934,348.126,416,10.2333,43.376,20.9613
dish_1562963246,278.528,101.327,9.46768,34.6793,12.01,324.398,122,11.468,40.87,13.664
dish_1563909550,257.931,232.548,6.77589,39.4537,7.57795,310.32,273,11.8502,44.6641,8.62576
dish_1563998323,532.012,531.762,26.1538,30.0791,44.8521,634.505,574,32.4863,35.3025,52.9645
dish_1567007783,58.8042,112.251,0.351544,13.5984,0.916784,50,106,0.352,11.94,0.879
dish_1559849020,50.5332,69.571,0.0166473,13.2609,0.607283,46.23,67,0.134,12.06,0.469
dish_1557936555,137.701,85.1002,9.7126,0.621649,10.1305,149.28,96,10.08,1.152,12
dish_1562009006,447.691,288.4,25.4138,19.7156,36.459,470.717,323,25.4256,21.0636,38.9754
dish_1559239151,25.8061,28.2785,1.96501,1.33568,0.821749,9.2,40,0.16,1.44,1.16
dish_1560526490,144.209,171.139,7.98532,16.545,2.79485,141.673,170,8.34413,16.8512,2.33803
dish_1565811139,420.93,438.009,18.4548,19.3281,47.828,902.2,416,62.632,9.06,74.731
dish_1558635400,21.2211,91.0214,0.377038,4.60934,1.61621,25,100,0.3,5,1.8
dish_1558461792,340.314,223.599,22.1849,29.9763,11.3854,331,233,20.196,34.499,10.543
dish_1565811025,320.06,282.248,9.28534,9.95163,48.8923,361.05,277,7.668,4.36,65.378
dish_1560800951,184.719,222.119,11.1387,12.4835,12.6259,102.826,168,4.30904,14.1291,4.28756
dish_1559846688,84.8634,89.54,5.59302,4.66062,5.638,82.8325,73,7.75218,3.11064,1.29191
dish_1558630207,565.305,90.55,48.3761,22.6807,21.5158,670.596,116,57.42,26.332,25.984
dish_1559157454,22.9027,23.5103,1.93722,1.12884,0.535467,34.5646,28,3.28446,1.12736,0.671958
dish_1562876494,24.6733,28.4106,2.01251,1.37978,2.08883,40.1069,26,1.17163,0.542953,6.48774
dish_1561574479,386.548,327.21,19.2539,28.3781,27.6705,363.614,293,18.4865,25.269,24.5539
dish_1561654326,66.5317,56.2977,5.44123,4.67288,1.04532,59.7926,46,3.20516,7.07955,1.472
dish_1563996441,81.3092,60.5205,7.35935,3.3921,1.14969,80.2392,65,7.62464,2.61709,1.5599
dish_1560801883,518.779,279.66,23.3002,34.6772,39.7447,512.111,315,22.1466,34.6295,42.5591
dish_1560801859,397.154,213.567,19.2819,30.7135,24.1861,428.704,262,20.0705,33.4585,28.3344
dish_1562691064,575.019,520.037,29.0139,49.7892,30.2711,555.304,501,23.9318,64.7728,21.9893
dish_1558030383,137.013,25.899,10.7196,0.765949,9.04278,140.66,26,10.92,0.364,9.62
dish_1563389626,170.462,243.675,5.75119,15.4529,13.7041,498.62,360,30.1818,12.3935,45.3269
dish_1565898331,118.762,70.8191,9.67095,3.42169,10.1549,155.993,100,6.5184,4.59284,18.1131
dish_1567007751,48.6089,92.4686,0.233125,11.3679,0.74001,39.93,87,0.219,9.66,0.651
dish_1558720097,29.254,66.8777,0.141171,7.27675,0.485118,30.34,74,0.148,7.4,0.666
dish_1558110297,27.3225,48.2923,0.201495,6.31817,0.3306,29.07,51,0.153,7.14,0.357
dish_1561574783,36.89,38.4898,3.25306,1.92756,1.08028,29.6268,24,2.81525,0.966312,0.575964
dish_1563220987,247.226,138.757,12.598,5.06807,27.2101,224.988,110,12.4796,4.07239,22.4577
dish_1568305198,316.52,90.8233,22.9518,3.573,21.4162,311.354,82,23.042,2.542,23.862
dish_1561405389,228.137,187.907,14.7361,9.07482,23.4326,265.983,223,8.39306,12.1054,34.9859
dish_1565638599,326.009,279.327,12.2527,22.2422,34.6298,368.698,279,15.7624,23.1036,32.8584
dish_1565986702,211.203,183.869,23.065,7.55326,24.0676,211.344,204,24.373,6.95448,27.8311
dish_1559578599,235.321,187.78,11.0132,21.0412,11.3864,229.98,193,9.825,25.422,10.045
dish_1559233715,131.44,81.5055,5.27797,16.7743,2.66728,83.6,110,0,19.8,1.1
dish_1559849466,379.056,207.136,23.0487,37.7708,11.4172,467.613,262,30.396,44.399,14.468
dish_1558630325,637.274,247.57,47.6647,42.1127,20.7247,751.542,269,58.078,46.564,27.081
dish_1565035802,83.2758,267.768,1.70187,15.0235,3.69732,69.2,250,0.571,14.785,3.714
dish_1558641253,106.217,89.9415,2.33068,22.2114,2.87173,116.71,110,2.64,24.2,3.41
dish_1560444967,137.029,233.709,5.24485,17.7438,6.09985,197.378,252,10.0714,23.8116,4.94749
dish_1559233570,17.3297,42.563,0.154733,4.41091,0.143688,16.83,51,0.153,4.08,0.357
dish_1565034661,226.26,137.667,11.9511,21.0435,7.82662,219.813,146,15.1495,16.3177,6.1322
dish_1561663541,113.77,71.1813,5.37227,11.4398,6.29112,124.32,112,1.008,25.76,2.912
dish_1557937715,12.971,30.5698,0.125951,3.10734,0.0795194,20.67,39,0.273,4.68,0.468
dish_1566838407,344.995,470.077,9.01265,57.7966,10.2336,358.948,558,9.82566,62.4203,9.73146
dish_1562691000,355.066,382.333,19.301,26.3167,18.7674,326.622,349,17.5518,27.1788,16.5613
dish_1564427406,256.082,130.174,13.8211,1.05121,30.5972,305.37,135,20.115,0.135,30.51
dish_1561662814,24.2073,27.9019,2.16142,1.92296,1.07699,23.2435,20,1.87504,1.52934,0.350089
dish_1565638478,28.7636,61.1203,1.56447,3.61818,1.46736,47.6158,91,2.36372,6.21075,1.59705
dish_1562690917,69.5709,128.985,1.63836,12.6495,1.6611,69.0617,122,1.30183,14.4268,1.46134
dish_1558549806,606.919,179.032,43.3224,42.6569,21.8628,781.958,203,58.675,48.146,28.747
dish_1561578839,361.703,222.492,15.8178,41.1354,15.0266,362.155,214,14.8116,43.3542,14.9039
dish_1558376984,635.878,323.04,43.3594,39.6581,27.0058,671.678,350,45.584,30.23,45.44
dish_1563996509,373.025,341.277,19.1639,20.6177,31.7361,365.185,316,17.8745,19.3008,32.7522
dish_1558110436,53.7957,56.3616,-0.155621,13.6989,0.666557,85.629,69,0.138,20.286,1.104
dish_1564686966,138.53,52.4677,8.86557,1.75873,11.3387,153.205,65,10.1022,2.51424,13.0875
dish_1562099053,57.4062,24.4278,1.98593,6.69043,2.28382,98.383,37,3.478,12.395,4.144
dish_1563208459,190.393,163.005,8.24409,22.5995,8.08679,186.486,161,8.03957,22.543,6.94117
dish_1566850031,543.735,473.076,20.2757,18.307,70.6558,616.772,662,19.197,25.78,84.645
dish_1565711527,497.461,278.353,32.5719,34.5676,17.5079,484.807,302,32.0155,33.9282,18.4787
dish_1562703382,195.223,137.456,6.20658,28.4941,7.44543,203.87,145,5.887,31.32,6.989
dish_1566502437,78.1201,67.2871,6.35959,4.39032,1.16056,74.564,64,6.41538,3.82463,1.71166
dish_1561662842,204.995,143.371,8.47196,4.40318,32.2034,263.125,172,8.7627,5.88277,38.171
dish_1562691032,402.902,444.584,20.1509,36.1008,19.177,419.682,415,22.0398,39.0588,17.9473
dish_1565974409,519.634,200.837,37.7767,5.18406,37.1873,688.65,228,50,5.48,51.47
dish_1558372948,525.397,86.4183,44.6181,20.844,20.1178,687.939,119,58.905,27.013,26.656
dish_1560367980,291.052,203.785,16.9046,22.6895,15.0083,421.465,254,21.1069,47.2439,25.6649
dish_1560444914,50.2948,142.339,0.034116,13.4666,0.791915,62.34,166,0.242,15.916,0.906
dish_1557937335,46.3773,31.9182,0.293489,10.3032,0.345422,47.158,38,0.076,11.172,0.608
dish_1563221157,416.815,328.648,22.5546,18.3788,35.6007,418.152,352,21.4995,23.9681,33.8052
dish_1560526447,72.531,64.8625,6.52206,3.52741,1.52463,88.5928,70,8.15613,3.41125,1.75003
dish_1562774159,113.967,158.147,5.74984,14.6366,1.99547,90.7635,129,3.0021,15.4961,1.955
dish_1563998210,94.4963,58.778,4.98894,1.41045,11.7567,148.089,91,4.95899,2.16319,22.6149
dish_1565711498,225.45,199.708,14.704,8.32868,16.0182,246.827,229,15.9555,10.5682,16.5807
dish_1561663606,386.231,268.226,16.9706,30.5345,35.1979,474.503,347,10.8041,40.145,52.6723
dish_1558114086,69.1416,139.874,0.0855383,14.6332,2.51347,74.36,143,0.286,0.429,20.02
dish_1558630288,7.28762,15.3935,0.2823,0.608497,0.402519,7.106,11,0.374,0.352,0.671
dish_1563984167,294.805,590.935,1.29006,13.0672,49.4908,291.68,608,1.216,14.184,48.288
dish_1566416701,209.559,142.637,10.942,5.78798,26.7677,198.537,122,6.64832,2.9001,30.3189
dish_1560801797,44.1069,86.5356,0.950884,7.67946,1.38787,25.6557,96,0.700594,4.10863,1.34487
dish_1562172643,644.644,439.635,34.4915,21.0028,54.083,734.27,457,42.56,17.648,62.87
dish_1565117463,420.695,225.519,16.1775,49.8061,19.4698,435.313,248,15.939,53.588,19.696
dish_1561741063,156.066,173.536,5.83521,8.03494,18.1203,132.3,135,5.805,4.59,14.85
dish_1568401233,405.622,366.385,7.42909,23.6045,57.4688,490.393,418,22.6007,32.333,38.632
dish_1565898432,445.774,323.573,29.4566,15.0267,34.4198,450.225,282,25.7611,11.5967,40.6963
